id,name,math,science,english,history,geography,percentage
1,Hina Ayesha,99,66,87,42,45,67.8
2,Zainab Muhammad,69,45,81,40,94,65.8
3,Zeeshan Bilal,85,90,81,95,53,80.8
4,Amina Rehan,62,78,51,42,86,63.8
5,Noman Fariha,81,60,54,49,89,66.6
6,Ayesha Sadia,98,91,70,93,69,84.2
7,Hina Arifa,48,54,79,68,85,66.8
8,Ahmed Imran,83,41,67,90,45,65.2
9,Amina Ayesha,98,71,87,71,90,83.4
10,Shahid Khadija,53,69,80,55,78,67
11,Fariha Khadija,100,69,51,43,59,64.4
12,Zainab Tariq,77,62,40,43,81,60.6
13,Hassan Sara,88,57,70,49,93,71.4
14,Rehan Farah,79,95,74,72,82,80.4
15,Mariam Amina,65,94,65,54,63,68.2
16,Fatima Sadia,60,71,64,84,98,75.4
17,Sajjad Fariha,62,77,79,97,72,77.4
18,Kashif Hamza,83,87,76,72,42,72
19,Asim Ayesha,53,53,94,81,50,66.2
20,Taha Rabia,82,46,63,48,56,59
21,Ali Sara,97,67,60,78,44,69.2
22,Imran Ahmed,88,98,49,61,81,75.4
23,Hassan Fahad,84,59,92,56,52,68.6
24,Bushra Bushra,91,88,46,45,41,62.2
25,Bilal Fahad,50,98,44,48,92,66.4
26,Tariq Fariha,64,98,52,48,46,61.6
27,Sana Nida,84,60,83,77,87,78.2
28,Mehwish Khadija,74,77,80,66,88,77
29,Bushra Khadija,48,69,55,53,79,60.8
30,Taha Yasir,46,100,99,65,65,75
31,Amina Nazia,64,75,93,62,70,72.8
32,Bushra Kashif,56,48,99,97,61,72.2
33,Tariq Fatima,97,78,91,50,54,74
34,Bilal Umer,81,44,45,60,88,63.6
35,Imran Amina,98,68,83,52,40,68.2
36,Kashif Sadia,66,52,45,75,57,59
37,Asim Saima,92,75,40,69,72,69.6
38,Nida Fahad,51,89,42,43,86,62.2
39,Hamza Rehan,48,81,40,100,79,69.6
40,Shahid Yasir,77,55,73,80,81,73.2
41,Imran Nida,72,99,80,52,53,71.2
42,Ayesha Fatima,85,62,59,42,42,58
43,Bilal Farah,89,93,96,77,57,82.4
44,Nazia Imran,51,100,73,65,49,67.6
45,Zeeshan Ayesha,51,43,77,76,76,64.6
46,Hamza Sara,64,92,96,84,90,85.2
47,Shahid Bilal,80,60,67,45,65,63.4
48,Hamza Sadia,68,92,67,76,65,73.6
49,Hamza Arifa,75,85,99,79,75,82.6
50,Umer Nida,49,78,86,77,71,72.2
51,Asim Ayesha,61,41,94,68,56,64
52,Muhammad Rabia,67,76,86,40,94,72.6
53,Fatima Umer,78,74,41,61,67,64.2
54,Yasir Ali,49,54,52,45,41,48.2
55,Asim Arifa,73,70,75,85,68,74.2
56,Fariha Arifa,82,75,83,45,99,76.8
57,Rabia Usman,46,60,61,60,62,57.8
58,Noman Salman,58,97,54,85,83,75.4
59,Bilal Mariam,45,60,64,71,55,59
60,Khadija Nida,40,75,72,76,63,65.2
61,Noman Hassan,58,55,74,96,94,75.4
62,Tariq Rehan,45,51,61,68,41,53.2
63,Mehwish Ali,91,64,75,98,81,81.8
64,Saima Hina,88,68,99,74,57,77.2
65,Bushra Fariha,52,52,43,56,79,56.4
66,Yasir Taha,45,62,52,97,69,65
67,Fatima Umer,48,63,59,81,62,62.6
68,Usman Noman,62,100,56,69,45,66.4
69,Imran Fariha,81,95,59,81,74,78
70,Ali Bilal,61,88,76,77,79,76.2
71,Sajjad Nazia,67,47,71,86,73,68.8
72,Rehan Yasir,78,84,82,60,82,77.2
73,Ali Noman,88,91,53,96,85,82.6
74,Mariam Hamza,51,84,83,86,65,73.8
75,Arifa Nida,43,48,75,59,62,57.4
76,Mehwish Tariq,56,79,43,43,52,54.6
77,Ali Tariq,71,83,58,56,96,72.8
78,Farah Taha,92,59,86,58,78,74.6
79,Amina Arifa,99,40,89,75,59,72.4
80,Bushra Sana,52,99,53,56,68,65.6
81,Fahad Sajjad,52,63,97,42,47,60.2
82,Hina Yasir,71,77,85,99,94,85.2
83,Muhammad Fahad,83,95,43,63,46,66
84,Rehan Zainab,46,75,62,90,91,72.8
85,Sadia Bushra,60,77,74,46,49,61.2
86,Umer Hassan,98,87,55,89,58,77.4
87,Hamza Sara,50,47,74,40,85,59.2
88,Sajjad Yasir,95,77,98,81,73,84.8
89,Fariha Saima,89,49,81,43,77,67.8
90,Amina Nazia,85,73,100,43,68,73.8
91,Mariam Sana,79,84,86,69,90,81.6
92,Mariam Shahid,76,46,71,56,96,69
93,Khadija Noman,88,89,44,83,59,72.6
94,Taha Sana,99,80,52,42,73,69.2
95,Rabia Usman,69,47,48,74,85,64.6
96,Sajjad Hamza,43,84,62,81,78,69.6
97,Yasir Farah,46,78,64,51,74,62.6
98,Rehan Rehan,43,77,52,61,69,60.4
99,Imran Fariha,67,58,87,47,78,67.4
100,Taha Zeeshan,100,60,45,77,51,66.6
101,Ahmed Umer,62,72,51,57,95,67.4
102,Amina Khadija,50,67,89,66,72,68.8
103,Saima Saima,94,47,48,71,91,70.2
104,Bushra Farah,75,56,57,46,47,56.2
105,Fahad Noman,90,83,68,41,50,66.4
106,Fahad Zeeshan,84,66,89,43,100,76.4
107,Ali Saima,73,59,69,66,95,72.4
108,Fatima Kashif,55,97,53,69,42,63.2
109,Nida Ali,78,94,80,52,93,79.4
110,Nida Arifa,88,43,53,59,82,65
111,Fatima Bilal,54,46,83,68,94,69
112,Shahid Nida,63,46,72,72,83,67.2
113,Mariam Sara,82,99,63,86,82,82.4
114,Shahid Bilal,51,90,81,41,72,67
115,Bushra Ahmed,86,44,65,95,88,75.6
116,Rehan Fatima,61,68,58,63,66,63.2
117,Arifa Sajjad,58,40,74,86,69,65.4
118,Muhammad Noman,81,63,43,85,76,69.6
119,Umer Fahad,89,56,92,61,66,72.8
120,Asim Saima,96,69,77,41,48,66.2
121,Zainab Asim,78,82,55,45,46,61.2
122,Amina Kashif,47,84,61,89,53,66.8
123,Arifa Ahmed,95,91,94,55,95,86
124,Fariha Zainab,93,45,68,61,85,70.4
125,Bilal Salman,40,55,57,42,83,55.4
126,Nida Kashif,70,88,47,80,72,71.4
127,Zeeshan Rabia,57,40,91,73,56,63.4
128,Ahmed Zeeshan,59,100,48,52,57,63.2
129,Yasir Rabia,43,67,50,73,62,59
130,Hassan Rehan,60,56,53,48,52,53.8
131,Kashif Taha,79,74,84,72,44,70.6
132,Fatima Umer,62,69,65,69,82,69.4
133,Kashif Mariam,75,64,46,96,92,74.6
134,Fatima Fatima,46,80,40,75,100,68.2
135,Salman Zeeshan,73,48,71,90,89,74.2
136,Hamza Arifa,44,42,84,41,43,50.8
137,Hassan Tariq,71,74,88,87,40,72
138,Sara Amina,87,87,96,56,43,73.8
139,Fahad Farah,63,96,53,52,73,67.4
140,Rehan Tariq,77,93,53,98,57,75.6
141,Rehan Arifa,87,78,89,41,94,77.8
142,Hassan Nida,40,50,43,83,97,62.6
143,Salman Usman,97,92,96,52,74,82.2
144,Hamza Umer,98,85,71,58,81,78.6
145,Sana Zeeshan,49,82,85,52,77,69
146,Khadija Imran,64,85,69,61,61,68
147,Rehan Bilal,55,41,59,77,52,56.8
148,Ahmed Arifa,77,55,98,52,56,67.6
149,Arifa Fariha,93,46,53,43,77,62.4
150,Bushra Salman,72,44,91,91,82,76
151,Salman Shahid,92,55,67,46,40,60
152,Mehwish Asim,84,48,91,48,92,72.6
153,Mehwish Fatima,63,51,66,88,46,62.8
154,Fariha Hina,66,49,89,52,72,65.6
155,Taha Usman,78,40,71,66,69,64.8
156,Khadija Taha,100,54,95,64,52,73
157,Zeeshan Sadia,43,93,85,76,42,67.8
158,Saima Imran,76,90,74,64,100,80.8
159,Zeeshan Nida,87,47,40,99,59,66.4
160,Ayesha Kashif,61,58,49,80,46,58.8
161,Rehan Ahmed,81,56,44,88,95,72.8
162,Ahmed Zainab,47,64,66,83,66,65.2
163,Ali Bushra,53,81,60,41,59,58.8
164,Muhammad Arifa,82,42,44,58,71,59.4
165,Fariha Ayesha,64,45,74,82,59,64.8
166,Umer Fatima,97,80,47,79,59,72.4
167,Hamza Bushra,86,60,44,89,47,65.2
168,Arifa Amina,75,48,63,82,83,70.2
169,Tariq Hamza,45,89,61,98,45,67.6
170,Usman Farah,92,71,88,80,92,84.6
171,Salman Amina,88,57,82,42,90,71.8
172,Arifa Imran,52,42,52,60,85,58.2
173,Zeeshan Mehwish,98,74,79,91,72,82.8
174,Ali Khadija,50,81,53,59,40,56.6
175,Asim Noman,79,95,67,77,64,76.4
176,Rehan Umer,46,97,93,86,58,76
177,Khadija Muhammad,78,96,92,62,74,80.4
178,Tariq Muhammad,65,62,61,68,97,70.6
179,Rehan Sadia,88,66,59,82,40,67
180,Shahid Kashif,97,48,49,90,97,76.2
181,Hassan Khadija,74,93,77,71,88,80.6
182,Noman Hamza,42,42,86,47,63,56
183,Rehan Rehan,92,81,88,52,70,76.6
184,Sana Rabia,75,46,79,69,46,63
185,Arifa Khadija,66,70,50,93,80,71.8
186,Khadija Zainab,65,58,99,87,82,78.2
187,Ahmed Nazia,100,56,47,50,81,66.8
188,Ahmed Muhammad,64,68,42,67,81,64.4
189,Umer Muhammad,81,44,47,46,51,53.8
190,Kashif Fatima,72,64,84,71,70,72.2
191,Umer Ayesha,94,49,63,42,60,61.6
192,Saima Ahmed,56,75,98,65,69,72.6
193,Hassan Muhammad,71,65,49,94,77,71.2
194,Amina Khadija,69,60,45,83,94,70.2
195,Zeeshan Mehwish,54,58,85,42,48,57.4
196,Noman Noman,82,41,72,96,46,67.4
197,Kashif Sadia,46,90,73,47,96,70.4
198,Fariha Zainab,54,94,94,83,93,83.6
199,Asim Fahad,42,44,90,68,82,65.2
200,Sana Ahmed,89,81,70,91,64,79
201,Salman Nida,76,44,70,41,94,65
202,Fatima Zainab,78,66,57,71,97,73.8
203,Ahmed Taha,84,72,91,48,55,70
204,Hamza Salman,90,99,47,72,76,76.8
205,Ayesha Muhammad,72,42,65,56,80,63
206,Noman Imran,49,66,80,76,75,69.2
207,Rehan Tariq,88,68,56,52,88,70.4
208,Bushra Mehwish,88,70,40,55,85,67.6
209,Kashif Sajjad,87,58,67,49,54,63
210,Bilal Khadija,91,80,79,59,60,73.8
211,Ali Fatima,93,48,46,57,52,59.2
212,Yasir Hamza,50,51,54,42,85,56.4
213,Tariq Salman,57,92,47,94,47,67.4
214,Asim Farah,82,77,63,87,52,72.2
215,Sadia Khadija,41,91,68,53,78,66.2
216,Rabia Yasir,62,80,55,68,94,71.8
217,Asim Zainab,83,49,77,82,56,69.4
218,Saima Bushra,91,86,46,100,88,82.2
219,Kashif Noman,63,62,96,69,64,70.8
220,Khadija Rehan,44,100,67,81,100,78.4
221,Fariha Salman,61,53,84,61,68,65.4
222,Ali Asim,85,53,45,41,68,58.4
223,Noman Saima,100,92,51,59,49,70.2
224,Noman Amina,50,63,42,49,47,50.2
225,Bushra Nazia,49,86,92,42,87,71.2
226,Sajjad Kashif,41,90,42,45,90,61.6
227,Mariam Imran,58,53,99,40,91,68.2
228,Imran Amina,58,44,63,80,100,69
229,Rabia Noman,45,86,72,98,81,76.4
230,Shahid Nida,82,63,86,98,68,79.4
231,Fahad Kashif,60,67,87,84,99,79.4
232,Hina Bushra,88,65,93,48,87,76.2
233,Rehan Sara,46,90,92,84,43,71
234,Shahid Nazia,40,57,64,57,100,63.6
235,Yasir Rehan,83,88,45,76,61,70.6
236,Zeeshan Sara,49,86,54,85,91,73
237,Sadia Sajjad,72,50,96,82,65,73
238,Zainab Nazia,90,72,58,86,41,69.4
239,Rehan Saima,59,85,77,77,59,71.4
240,Muhammad Yasir,75,54,40,41,56,53.2
241,Ayesha Kashif,55,75,70,96,96,78.4
242,Ayesha Khadija,57,74,85,85,40,68.2
243,Amina Yasir,76,96,89,55,75,78.2
244,Umer Mariam,75,62,84,49,79,69.8
245,Zainab Asim,52,88,96,84,60,76
246,Hamza Shahid,72,49,49,73,94,67.4
247,Hina Yasir,67,54,86,93,94,78.8
248,Shahid Hamza,90,76,81,58,79,76.8
249,Fahad Sadia,83,88,45,46,83,69
250,Ayesha Bilal,73,52,95,81,72,74.6
251,Ayesha Yasir,79,82,45,63,50,63.8
252,Yasir Tariq,94,56,64,55,55,64.8
253,Yasir Sana,61,48,85,72,96,72.4
254,Fariha Khadija,53,81,65,55,94,69.6
255,Yasir Sara,40,97,58,44,50,57.8
256,Ahmed Fariha,63,65,77,91,42,67.6
257,Ali Umer,84,68,68,75,100,79
258,Saima Rehan,47,40,43,52,70,50.4
259,Amina Sana,62,62,91,95,40,70
260,Saima Hina,47,100,42,93,94,75.2
261,Ahmed Muhammad,78,64,79,99,83,80.6
262,Bushra Fahad,76,54,54,67,63,62.8
263,Umer Rehan,60,91,50,73,78,70.4
264,Kashif Rabia,97,87,68,51,50,70.6
265,Hina Mariam,50,48,41,77,41,51.4
266,Taha Tariq,44,60,77,97,69,69.4
267,Ahmed Mehwish,40,59,41,96,53,57.8
268,Sara Muhammad,81,98,67,100,79,85
269,Hassan Fatima,61,64,46,84,69,64.8
270,Mehwish Ali,48,93,44,40,91,63.2
271,Nida Fahad,70,78,40,46,87,64.2
272,Ali Amina,55,43,49,55,53,51
273,Khadija Nazia,74,71,80,94,72,78.2
274,Sadia Nazia,57,46,60,69,93,65
275,Tariq Hina,89,97,97,40,73,79.2
276,Sana Farah,55,51,89,66,73,66.8
277,Taha Ali,45,44,54,67,83,58.6
278,Nida Zeeshan,51,86,87,74,49,69.4
279,Taha Hamza,74,99,80,62,47,72.4
280,Hamza Kashif,81,74,63,80,49,69.4
281,Sadia Arifa,74,64,43,91,85,71.4
282,Mariam Amina,99,47,75,84,49,70.8
283,Mehwish Zainab,92,75,72,73,51,72.6
284,Sadia Hina,89,54,86,71,56,71.2
285,Rehan Fatima,49,50,63,43,54,51.8
286,Imran Tariq,64,91,63,50,59,65.4
287,Salman Hamza,96,96,46,88,85,82.2
288,Fahad Taha,74,95,61,60,74,72.8
289,Asim Hamza,59,51,99,81,81,74.2
290,Tariq Salman,60,59,94,42,59,62.8
291,Rehan Yasir,77,42,62,98,75,70.8
292,Farah Ahmed,50,94,86,50,71,70.2
293,Zeeshan Nida,97,98,41,45,63,68.8
294,Hassan Ali,77,95,47,59,71,69.8
295,Saima Sana,43,91,40,78,46,59.6
296,Fariha Ayesha,84,52,88,56,42,64.4
297,Yasir Mehwish,46,83,66,83,64,68.4
298,Ali Hina,55,99,66,100,52,74.4
299,Mehwish Usman,59,99,87,57,54,71.2
300,Bilal Taha,96,73,48,96,82,79
301,Sana Sadia,78,70,49,45,99,68.2
302,Zainab Nida,74,53,94,68,72,72.2
303,Arifa Imran,73,42,87,59,65,65.2
304,Kashif Sana,50,53,60,68,91,64.4
305,Umer Bilal,46,59,83,88,100,75.2
306,Hina Hamza,77,46,56,70,83,66.4
307,Sara Ali,83,46,48,76,53,61.2
308,Fatima Ahmed,57,58,100,43,80,67.6
309,Ali Nazia,75,72,92,58,65,72.4
310,Hina Mehwish,64,55,69,43,82,62.6
311,Fatima Khadija,84,47,84,68,81,72.8
312,Muhammad Tariq,56,46,73,45,64,56.8
313,Saima Salman,73,62,86,80,83,76.8
314,Fatima Rehan,75,46,49,95,62,65.4
315,Tariq Zainab,69,86,59,58,62,66.8
316,Muhammad Zainab,52,91,78,46,59,65.2
317,Mariam Sadia,60,50,52,97,73,66.4
318,Bilal Zeeshan,87,90,84,43,48,70.4
319,Nazia Mariam,52,41,50,46,96,57
320,Kashif Farah,47,47,61,64,67,57.2
321,Hina Mariam,94,54,94,97,41,76
322,Rabia Sara,68,73,84,88,45,71.6
323,Sana Sana,91,50,71,62,94,73.6
324,Sara Nida,57,51,95,65,71,67.8
325,Nazia Zeeshan,94,96,72,73,63,79.6
326,Hina Shahid,52,72,69,53,52,59.6
327,Tariq Mehwish,42,48,98,66,94,69.6
328,Sana Hamza,75,76,48,63,80,68.4
329,Tariq Fahad,96,59,88,90,59,78.4
330,Tariq Farah,74,79,77,90,87,81.4
331,Noman Sadia,83,62,55,97,89,77.2
332,Imran Hamza,59,67,45,94,41,61.2
333,Umer Salman,84,42,49,57,68,60
334,Asim Fatima,95,74,100,82,67,83.6
335,Muhammad Rehan,73,83,59,68,78,72.2
336,Rabia Yasir,79,84,52,77,58,70
337,Ali Fariha,86,49,86,50,73,68.8
338,Ahmed Rehan,89,51,74,92,54,72
339,Noman Amina,78,65,96,92,86,83.4
340,Ayesha Tariq,42,66,96,49,57,62
341,Kashif Amina,42,55,59,93,74,64.6
342,Noman Mariam,94,43,99,83,70,77.8
343,Asim Noman,98,60,59,97,96,82
344,Fahad Khadija,77,94,56,88,47,72.4
345,Sadia Rabia,60,79,83,92,53,73.4
346,Imran Muhammad,76,71,63,67,79,71.2
347,Bushra Rabia,93,55,83,78,49,71.6
348,Shahid Arifa,70,94,52,99,72,77.4
349,Salman Taha,42,71,91,44,52,60
350,Kashif Ayesha,52,61,90,95,50,69.6
351,Yasir Amina,99,49,69,47,66,66
352,Hassan Nida,53,94,51,85,71,70.8
353,Sadia Hassan,89,68,79,87,60,76.6
354,Arifa Nazia,52,86,86,77,92,78.6
355,Rehan Fahad,46,94,54,70,97,72.2
356,Farah Taha,80,86,50,96,68,76
357,Umer Sara,72,59,57,80,53,64.2
358,Yasir Zeeshan,72,95,70,48,88,74.6
359,Imran Amina,47,80,64,73,96,72
360,Bushra Tariq,68,43,68,56,54,57.8
361,Zainab Khadija,92,70,77,86,63,77.6
362,Yasir Hina,90,57,82,75,98,80.4
363,Bilal Salman,69,75,76,46,68,66.8
364,Ahmed Mariam,58,60,74,53,48,58.6
365,Asim Zeeshan,91,100,58,68,66,76.6
366,Fahad Fatima,44,65,95,78,83,73
367,Hassan Amina,89,60,47,53,88,67.4
368,Mehwish Zainab,40,57,82,89,62,66
369,Imran Mariam,45,60,50,99,52,61.2
370,Fatima Nazia,97,64,58,44,59,64.4
371,Fahad Hamza,87,49,88,51,63,67.6
372,Kashif Amina,52,47,95,71,84,69.8
373,Rehan Fariha,79,42,57,41,46,53
374,Hassan Bilal,84,92,54,45,85,72
375,Bushra Tariq,76,78,94,54,73,75
376,Zainab Fahad,88,40,96,67,84,75
377,Salman Nazia,67,53,50,41,97,61.6
378,Rabia Salman,59,43,93,89,95,75.8
379,Yasir Shahid,72,58,96,42,91,71.8
380,Shahid Kashif,60,46,55,64,88,62.6
381,Arifa Muhammad,50,55,47,62,45,51.8
382,Zainab Asim,77,91,100,60,47,75
383,Nida Mariam,40,51,90,75,81,67.4
384,Mehwish Zeeshan,79,55,74,81,96,77
385,Ali Ali,54,55,41,66,41,51.4
386,Sana Arifa,61,76,54,80,43,62.8
387,Mariam Khadija,65,88,99,77,46,75
388,Bilal Fatima,43,59,81,41,40,52.8
389,Rabia Usman,92,47,69,50,58,63.2
390,Ahmed Ali,95,86,48,64,55,69.6
391,Mehwish Nazia,68,88,42,73,58,65.8
392,Nida Farah,77,85,76,77,55,74
393,Mariam Salman,45,41,51,69,68,54.8
394,Hamza Imran,63,50,84,47,85,65.8
395,Mariam Sara,69,79,92,58,65,72.6
396,Fariha Tariq,92,78,91,52,52,73
397,Ayesha Fahad,94,95,86,43,100,83.6
398,Mehwish Bushra,51,79,71,73,55,65.8
399,Ali Bilal,82,44,80,95,41,68.4
400,Tariq Ahmed,66,82,72,84,68,74.4
401,Fahad Hamza,91,68,43,62,67,66.2
402,Hassan Bushra,71,78,57,59,98,72.6
403,Imran Bushra,42,66,40,64,48,52
404,Hassan Sara,85,61,52,100,79,75.4
405,Fariha Nazia,76,78,49,47,53,60.6
406,Shahid Muhammad,40,53,67,51,60,54.2
407,Farah Imran,63,85,62,60,59,65.8
408,Yasir Farah,66,88,65,70,82,74.2
409,Nida Amina,94,52,66,57,52,64.2
410,Khadija Ali,73,44,74,41,80,62.4
411,Fariha Arifa,70,65,59,95,73,72.4
412,Yasir Amina,40,88,54,65,72,63.8
413,Rabia Hina,57,78,75,87,93,78
414,Hamza Mehwish,66,41,99,90,65,72.2
415,Salman Mariam,47,66,57,50,74,58.8
416,Taha Ayesha,66,71,54,67,89,69.4
417,Mariam Bushra,73,86,79,47,88,74.6
418,Sadia Fatima,54,88,40,48,66,59.2
419,Ali Fariha,99,99,100,83,45,85.2
420,Imran Tariq,67,49,82,95,67,72
421,Hina Umer,98,78,67,41,99,76.6
422,Rehan Rabia,52,68,60,81,40,60.2
423,Arifa Imran,99,88,81,93,97,91.6
424,Kashif Zeeshan,73,70,93,82,85,80.6
425,Muhammad Sara,60,48,45,74,95,64.4
426,Asim Shahid,96,40,94,80,74,76.8
427,Zeeshan Bilal,95,74,70,92,96,85.4
428,Sana Nazia,95,95,48,66,98,80.4
429,Khadija Hassan,91,49,78,84,99,80.2
430,Fariha Mehwish,79,54,66,70,65,66.8
431,Hina Asim,59,50,85,72,50,63.2
432,Khadija Nida,48,46,85,47,90,63.2
433,Ali Muhammad,87,81,59,96,61,76.8
434,Imran Ayesha,43,68,70,47,59,57.4
435,Hamza Asim,45,61,64,84,63,63.4
436,Hamza Farah,83,71,57,55,40,61.2
437,Sara Tariq,50,79,47,67,64,61.4
438,Hassan Khadija,75,99,92,60,55,76.2
439,Sajjad Rabia,46,83,94,100,84,81.4
440,Tariq Ayesha,65,76,56,75,57,65.8
441,Rehan Umer,72,58,60,46,49,57
442,Rehan Shahid,74,61,100,65,64,72.8
443,Yasir Yasir,56,78,90,70,86,76
444,Hamza Khadija,100,93,66,64,44,73.4
445,Shahid Arifa,50,67,89,80,82,73.6
446,Taha Sajjad,79,44,75,74,99,74.2
447,Zainab Rabia,74,61,81,58,77,70.2
448,Rehan Rehan,79,72,78,46,68,68.6
449,Fatima Sara,85,41,97,97,87,81.4
450,Rehan Zainab,56,74,96,88,87,80.2
451,Noman Rehan,92,45,93,42,74,69.2
452,Ahmed Zainab,89,43,75,51,56,62.8
453,Bilal Noman,66,57,77,50,47,59.4
454,Mehwish Ayesha,67,62,52,96,90,73.4
455,Mehwish Sadia,80,54,71,44,49,59.6
456,Shahid Arifa,50,62,73,50,58,58.6
457,Nazia Usman,72,95,65,44,91,73.4
458,Amina Shahid,80,75,72,64,52,68.6
459,Ali Sajjad,77,52,57,60,73,63.8
460,Arifa Asim,80,43,52,64,44,56.6
461,Umer Amina,93,80,50,71,47,68.2
462,Ali Nazia,47,80,56,67,76,65.2
463,Fariha Ahmed,88,91,77,76,57,77.8
464,Amina Sajjad,59,41,87,98,69,70.8
465,Arifa Ayesha,73,93,50,60,43,63.8
466,Salman Noman,67,50,68,93,71,69.8
467,Rabia Nazia,67,78,63,100,57,73
468,Shahid Salman,85,87,48,83,60,72.6
469,Kashif Zeeshan,45,52,55,71,47,54
470,Mehwish Saima,40,49,57,42,74,52.4
471,Noman Sana,42,53,90,77,68,66
472,Taha Tariq,61,73,93,75,60,72.4
473,Farah Nida,98,88,84,85,100,91
474,Hassan Hassan,44,100,53,90,73,72
475,Sana Sadia,40,86,53,75,46,60
476,Ayesha Khadija,77,76,94,90,78,83
477,Sana Zainab,70,70,71,76,84,74.2
478,Sana Zeeshan,91,66,44,68,51,64
479,Fahad Asim,95,77,97,54,100,84.6
480,Asim Bushra,87,100,45,44,96,74.4
481,Umer Bilal,58,99,92,56,60,73
482,Hassan Saima,59,90,74,69,41,66.6
483,Muhammad Noman,86,80,99,79,48,78.4
484,Mariam Rehan,84,99,41,78,40,68.4
485,Nazia Shahid,45,89,60,81,98,74.6
486,Rabia Nida,57,85,45,49,67,60.6
487,Farah Hamza,71,45,82,87,45,66
488,Zainab Mariam,46,47,59,72,86,62
489,Nazia Farah,45,81,48,46,92,62.4
490,Mariam Yasir,59,71,72,58,88,69.6
491,Umer Hamza,56,56,81,92,90,75
492,Kashif Ayesha,49,83,59,96,76,72.6
493,Hina Mehwish,95,49,43,78,63,65.6
494,Hamza Sara,59,93,47,59,64,64.4
495,Arifa Tariq,91,71,99,82,55,79.6
496,Hassan Bushra,71,72,84,93,41,72.2
497,Hassan Tariq,58,85,55,50,71,63.8
498,Arifa Sara,70,60,81,54,79,68.8
499,Ahmed Mehwish,56,46,99,43,62,61.2
500,Imran Hamza,40,85,93,62,95,75
501,Rabia Taha,86,51,82,95,42,71.2
502,Amina Sajjad,42,47,84,74,95,68.4
503,Usman Ayesha,62,70,89,57,41,63.8
504,Sana Asim,66,86,51,69,74,69.2
505,Hina Nazia,89,67,76,45,50,65.4
506,Muhammad Fariha,84,90,56,44,40,62.8
507,Sara Arifa,96,74,51,81,49,70.2
508,Kashif Usman,62,61,40,42,70,55
509,Usman Sana,57,55,62,85,93,70.4
510,Usman Fahad,64,53,100,81,55,70.6
511,Farah Kashif,88,70,43,77,93,74.2
512,Nazia Hassan,86,70,92,51,48,69.4
513,Salman Khadija,61,74,58,66,40,59.8
514,Sara Ayesha,66,79,95,51,91,76.4
515,Ali Zainab,73,67,61,83,73,71.4
516,Salman Shahid,40,81,93,69,84,73.4
517,Ali Rehan,46,66,63,89,88,70.4
518,Kashif Zeeshan,80,45,60,83,87,71
519,Salman Sara,79,72,46,41,82,64
520,Zeeshan Hamza,96,91,64,60,99,82
521,Mehwish Sana,100,94,59,83,52,77.6
522,Fahad Taha,57,68,69,97,59,70
523,Hassan Hassan,67,41,54,79,71,62.4
524,Amina Hina,86,40,78,76,81,72.2
525,Sajjad Khadija,48,73,90,61,61,66.6
526,Umer Asim,94,68,98,46,54,72
527,Tariq Tariq,95,97,48,93,94,85.4
528,Zeeshan Tariq,91,59,88,57,43,67.6
529,Khadija Nida,61,100,96,65,52,74.8
530,Ahmed Taha,93,60,79,54,70,71.2
531,Rabia Zainab,63,70,63,77,57,66
532,Bilal Amina,42,61,91,60,74,65.6
533,Zeeshan Muhammad,92,85,97,48,45,73.4
534,Salman Rabia,92,70,84,75,47,73.6
535,Taha Sadia,87,100,47,65,73,74.4
536,Muhammad Mehwish,44,58,66,95,48,62.2
537,Rabia Kashif,60,100,81,73,91,81
538,Yasir Fahad,95,51,81,49,65,68.2
539,Fariha Kashif,47,43,85,60,53,57.6
540,Sadia Fatima,95,83,52,75,53,71.6
541,Salman Bushra,68,99,51,76,73,73.4
542,Ahmed Shahid,49,50,74,99,72,68.8
543,Hassan Fahad,86,67,78,51,54,67.2
544,Nazia Bilal,82,75,97,90,60,80.8
545,Noman Yasir,48,73,91,81,88,76.2
546,Farah Nazia,71,67,56,57,91,68.4
547,Asim Zeeshan,52,55,93,87,49,67.2
548,Umer Kashif,98,45,98,97,90,85.6
549,Shahid Bilal,96,46,70,78,93,76.6
550,Salman Arifa,53,86,81,41,89,70
551,Nida Fariha,41,57,93,94,78,72.6
552,Hina Salman,93,85,94,66,62,80
553,Fariha Nida,58,55,91,45,50,59.8
554,Muhammad Kashif,60,50,96,53,56,63
555,Tariq Tariq,92,61,63,58,41,63
556,Taha Fariha,60,60,93,96,76,77
557,Khadija Yasir,85,89,97,50,76,79.4
558,Fatima Bushra,41,69,100,70,78,71.6
559,Saima Asim,45,62,50,63,62,56.4
560,Hina Mehwish,68,90,86,92,57,78.6
561,Salman Mariam,95,54,65,52,60,65.2
562,Sadia Sara,61,81,52,54,55,60.6
563,Saima Umer,98,84,92,58,83,83
564,Farah Farah,53,71,94,94,45,71.4
565,Imran Shahid,75,51,92,88,43,69.8
566,Sajjad Sadia,94,82,83,43,67,73.8
567,Taha Hina,73,69,66,60,72,68
568,Hina Tariq,70,66,81,74,82,74.6
569,Mariam Bilal,46,81,89,64,84,72.8
570,Khadija Tariq,65,77,51,76,95,72.8
571,Sadia Taha,69,46,78,65,56,62.8
572,Umer Farah,53,79,48,74,54,61.6
573,Taha Fatima,93,48,76,50,75,68.4
574,Imran Sadia,69,88,46,41,54,59.6
575,Salman Saima,49,81,67,53,48,59.6
576,Tariq Usman,67,72,50,50,49,57.6
577,Imran Kashif,72,72,82,73,92,78.2
578,Zainab Zainab,73,56,87,42,78,67.2
579,Asim Sadia,42,52,59,97,71,64.2
580,Salman Sajjad,59,72,80,79,95,77
581,Ahmed Bushra,71,40,57,71,67,61.2
582,Zeeshan Mehwish,88,44,41,53,57,56.6
583,Ali Mehwish,79,43,100,71,99,78.4
584,Hassan Zainab,91,59,100,91,78,83.8
585,Taha Bushra,61,63,59,53,81,63.4
586,Mariam Tariq,68,54,57,46,96,64.2
587,Saima Zeeshan,85,59,59,55,51,61.8
588,Nida Zeeshan,46,52,66,62,64,58
589,Hamza Mariam,70,91,86,69,44,72
590,Nida Fariha,75,59,91,44,78,69.4
591,Hassan Salman,56,87,65,71,64,68.6
592,Bushra Nazia,90,89,99,93,76,89.4
593,Umer Sajjad,77,70,98,76,49,74
594,Yasir Khadija,56,59,62,45,52,54.8
595,Sajjad Nida,42,95,83,44,42,61.2
596,Imran Sajjad,46,80,42,65,67,60
597,Saima Hamza,61,57,97,55,71,68.2
598,Yasir Rehan,52,97,54,90,73,73.2
599,Ali Mariam,100,95,65,97,86,88.6
600,Hina Kashif,42,53,85,69,76,65
601,Sajjad Saima,58,58,80,87,51,66.8
602,Saima Umer,97,53,94,41,100,77
603,Usman Umer,79,55,90,99,57,76
604,Nazia Sajjad,98,84,84,52,100,83.6
605,Farah Salman,71,84,62,96,50,72.6
606,Muhammad Amina,75,62,83,97,67,76.8
607,Ali Sajjad,89,87,49,91,95,82.2
608,Amina Arifa,82,47,68,79,54,66
609,Imran Farah,56,56,63,62,61,59.6
610,Umer Hamza,48,59,97,73,92,73.8
611,Fahad Bushra,41,74,59,55,48,55.4
612,Taha Kashif,99,83,52,47,40,64.2
613,Tariq Usman,49,80,69,61,64,64.6
614,Mariam Salman,93,49,51,97,43,66.6
615,Amina Rehan,71,52,97,100,69,77.8
616,Asim Fariha,90,66,62,40,92,70
617,Asim Umer,49,95,57,40,89,66
618,Amina Rabia,70,100,92,93,42,79.4
619,Shahid Fariha,67,58,82,93,100,80
620,Fahad Fatima,84,100,48,58,59,69.8
621,Sana Mehwish,54,47,78,54,91,64.8
622,Rehan Imran,91,79,71,82,83,81.2
623,Sadia Muhammad,98,41,59,74,59,66.2
624,Shahid Shahid,50,50,71,61,45,55.4
625,Sara Asim,90,83,98,88,70,85.8
626,Saima Salman,46,60,56,61,42,53
627,Fariha Muhammad,85,44,58,64,44,59
628,Rehan Sana,46,70,97,71,91,75
629,Ahmed Arifa,97,64,43,55,72,66.2
630,Imran Ahmed,65,51,55,54,95,64
631,Rehan Fatima,45,49,78,62,94,65.6
632,Mariam Amina,71,41,89,63,81,69
633,Sadia Nida,51,41,49,71,59,54.2
634,Taha Arifa,59,60,77,60,88,68.8
635,Nazia Ahmed,95,86,100,56,53,78
636,Tariq Hamza,80,90,90,92,49,80.2
637,Tariq Hina,70,45,94,53,72,66.8
638,Sana Noman,44,94,48,54,55,59
639,Zainab Hina,82,47,47,49,46,54.2
640,Mehwish Salman,40,42,74,82,81,63.8
641,Tariq Shahid,93,60,97,41,58,69.8
642,Ali Arifa,54,92,66,43,88,68.6
643,Tariq Rehan,40,90,42,70,40,56.4
644,Hina Usman,98,100,72,63,99,86.4
645,Shahid Kashif,46,68,80,46,91,66.2
646,Zainab Zainab,99,62,82,59,77,75.8
647,Tariq Muhammad,80,56,59,66,53,62.8
648,Fariha Arifa,46,70,47,78,77,63.6
649,Taha Asim,88,49,68,76,74,71
650,Ayesha Umer,90,58,85,99,68,80
651,Umer Fariha,83,94,79,70,65,78.2
652,Fariha Taha,91,50,84,42,72,67.8
653,Imran Fariha,87,59,49,50,64,61.8
654,Mariam Sara,66,97,58,46,91,71.6
655,Fatima Tariq,46,60,56,79,57,59.6
656,Sadia Khadija,64,41,88,69,70,66.4
657,Ali Mariam,91,68,41,74,89,72.6
658,Fatima Zeeshan,41,79,55,53,51,55.8
659,Arifa Hina,91,83,80,42,56,70.4
660,Ali Fatima,95,54,45,48,60,60.4
661,Salman Khadija,82,43,48,75,94,68.4
662,Salman Umer,70,73,47,63,74,65.4
663,Saima Sadia,57,46,89,43,97,66.4
664,Nazia Fatima,96,45,60,81,64,69.2
665,Sara Bilal,81,57,90,75,93,79.2
666,Kashif Mehwish,88,86,75,56,94,79.8
667,Noman Salman,100,72,61,48,74,71
668,Tariq Sadia,80,74,80,99,68,80.2
669,Sajjad Bilal,80,45,74,71,85,71
670,Ahmed Bushra,76,62,54,93,82,73.4
671,Shahid Hamza,71,91,87,64,72,77
672,Imran Rabia,89,74,82,46,42,66.6
673,Sara Imran,75,56,97,49,92,73.8
674,Nida Khadija,48,90,84,75,66,72.6
675,Zeeshan Noman,98,94,68,68,76,80.8
676,Zainab Hassan,87,65,58,58,65,66.6
677,Ahmed Rehan,64,47,88,82,56,67.4
678,Shahid Salman,71,52,72,52,84,66.2
679,Sana Rabia,41,86,88,47,49,62.2
680,Salman Sajjad,64,77,65,40,49,59
681,Salman Tariq,71,71,60,53,69,64.8
682,Mariam Imran,47,57,44,91,73,62.4
683,Rehan Fariha,96,57,43,66,56,63.6
684,Nida Fariha,99,52,91,80,99,84.2
685,Zeeshan Tariq,87,47,84,87,100,81
686,Ali Sadia,65,75,62,93,50,69
687,Fahad Sadia,51,100,76,45,96,73.6
688,Saima Nida,70,64,69,79,67,69.8
689,Ayesha Hassan,79,58,60,64,73,66.8
690,Arifa Kashif,72,56,87,85,80,76
691,Yasir Bushra,58,83,58,56,42,59.4
692,Khadija Tariq,64,64,41,63,55,57.4
693,Khadija Bilal,51,65,47,91,50,60.8
694,Kashif Saima,68,82,63,63,91,73.4
695,Shahid Sajjad,72,58,56,51,66,60.6
696,Saima Fariha,82,60,42,41,78,60.6
697,Hamza Bilal,87,94,55,87,50,74.6
698,Khadija Fatima,67,84,48,43,98,68
699,Sana Zainab,60,94,64,85,97,80
700,Fariha Zainab,71,95,59,61,53,67.8
701,Rehan Mariam,45,68,61,44,77,59
702,Sajjad Farah,60,64,91,79,41,67
703,Taha Shahid,76,62,85,59,40,64.4
704,Hina Saima,54,93,95,52,55,69.8
705,Mariam Sana,46,83,98,71,43,68.2
706,Noman Khadija,92,48,48,57,43,57.6
707,Taha Zainab,51,69,47,78,98,68.6
708,Mehwish Ali,53,90,77,68,70,71.6
709,Nazia Bilal,52,43,80,48,100,64.6
710,Muhammad Yasir,61,98,93,99,78,85.8
711,Kashif Kashif,81,69,95,63,40,69.6
712,Ahmed Ali,40,44,88,76,98,69.2
713,Rabia Kashif,97,100,81,43,73,78.8
714,Farah Ahmed,93,42,69,45,52,60.2
715,Saima Salman,99,50,74,77,70,74
716,Sana Umer,71,82,75,51,96,75
717,Fahad Farah,79,96,46,53,92,73.2
718,Umer Usman,87,69,51,51,71,65.8
719,Kashif Ayesha,59,95,57,92,77,76
720,Ayesha Bushra,79,74,74,93,85,81
721,Asim Muhammad,74,41,47,88,93,68.6
722,Zeeshan Shahid,44,59,99,44,42,57.6
723,Noman Khadija,84,57,89,71,86,77.4
724,Sana Noman,68,72,91,83,98,82.4
725,Fariha Fatima,99,72,77,91,73,82.4
726,Sara Rabia,63,66,58,85,62,66.8
727,Taha Nazia,97,58,42,65,91,70.6
728,Umer Arifa,65,88,65,67,91,75.2
729,Nazia Zainab,51,98,43,67,88,69.4
730,Noman Taha,57,75,52,78,57,63.8
731,Sajjad Zeeshan,50,72,50,89,74,67
732,Zainab Muhammad,58,64,45,69,58,58.8
733,Nazia Nazia,48,49,61,83,65,61.2
734,Hassan Fatima,64,92,68,90,52,73.2
735,Sajjad Salman,89,88,77,51,65,74
736,Fariha Hassan,100,43,90,76,47,71.2
737,Imran Taha,53,43,44,53,80,54.6
738,Yasir Hina,96,94,90,97,78,91
739,Fatima Bilal,81,92,73,72,90,81.6
740,Hina Fahad,64,56,86,45,61,62.4
741,Salman Imran,82,95,67,45,88,75.4
742,Fatima Mehwish,73,49,95,100,60,75.4
743,Nida Hina,57,86,66,71,99,75.8
744,Sana Yasir,81,86,89,44,59,71.8
745,Tariq Nazia,99,87,74,63,80,80.6
746,Ali Yasir,95,99,69,93,41,79.4
747,Muhammad Sara,72,54,96,78,64,72.8
748,Sana Fariha,52,64,56,51,69,58.4
749,Shahid Asim,59,57,90,45,67,63.6
750,Ahmed Hina,58,94,99,61,50,72.4
751,Mehwish Mehwish,90,100,89,52,87,83.6
752,Sajjad Ali,72,93,92,93,64,82.8
753,Saima Sajjad,87,74,41,58,64,64.8
754,Farah Ali,61,44,98,68,55,65.2
755,Shahid Nida,54,91,51,54,87,67.4
756,Hina Asim,44,65,77,56,52,58.8
757,Ali Mehwish,94,54,56,59,62,65
758,Ali Hina,93,76,44,86,81,76
759,Hina Noman,98,99,69,93,77,87.2
760,Hassan Taha,66,58,81,79,45,65.8
761,Ali Usman,75,72,68,86,56,71.4
762,Hamza Amina,50,98,81,62,74,73
763,Taha Arifa,84,48,72,98,42,68.8
764,Farah Arifa,59,99,69,61,49,67.4
765,Usman Arifa,49,41,61,76,59,57.2
766,Salman Fariha,94,89,56,73,58,74
767,Arifa Saima,99,45,62,47,58,62.2
768,Salman Imran,73,70,61,90,85,75.8
769,Saima Noman,46,98,63,48,74,65.8
770,Rehan Ayesha,66,52,52,40,88,59.6
771,Ayesha Sana,76,59,66,53,68,64.4
772,Kashif Yasir,96,74,84,71,90,83
773,Nida Tariq,55,68,77,52,62,62.8
774,Sadia Mariam,91,51,54,76,55,65.4
775,Saima Zainab,56,95,70,51,94,73.2
776,Sajjad Usman,69,74,80,97,87,81.4
777,Asim Yasir,76,81,62,44,80,68.6
778,Fatima Ayesha,51,86,100,62,40,67.8
779,Taha Hassan,51,61,63,41,68,56.8
780,Mehwish Yasir,97,46,51,60,80,66.8
781,Ali Taha,60,56,60,69,58,60.6
782,Sadia Sadia,97,68,75,41,81,72.4
783,Salman Nazia,64,45,98,90,51,69.6
784,Nazia Bushra,43,92,45,48,58,57.2
785,Rehan Yasir,97,84,49,43,83,71.2
786,Hina Sana,96,77,50,54,44,64.2
787,Tariq Hassan,91,75,77,79,82,80.8
788,Nazia Taha,67,83,62,60,65,67.4
789,Hina Bilal,49,54,76,98,60,67.4
790,Ahmed Mariam,71,67,74,80,60,70.4
791,Yasir Muhammad,78,88,51,91,50,71.6
792,Yasir Asim,52,56,47,53,59,53.4
793,Usman Bushra,43,99,66,55,81,68.8
794,Sadia Farah,86,54,45,60,45,58
795,Zeeshan Fahad,51,62,91,81,61,69.2
796,Hamza Rehan,89,48,71,50,61,63.8
797,Farah Salman,78,42,71,94,75,72
798,Sana Nida,81,62,62,86,78,73.8
799,Asim Nida,81,56,71,53,97,71.6
800,Farah Nida,86,79,56,85,54,72
801,Shahid Sajjad,80,80,83,53,54,70
802,Nazia Tariq,81,64,43,54,98,68
803,Rehan Umer,51,100,67,40,48,61.2
804,Rehan Salman,47,66,63,65,78,63.8
805,Salman Mehwish,85,42,55,46,68,59.2
806,Rehan Hassan,53,96,81,92,78,80
807,Zeeshan Hamza,85,60,96,91,66,79.6
808,Hamza Kashif,51,75,57,71,47,60.2
809,Farah Asim,42,53,75,45,75,58
810,Rabia Bilal,60,83,60,53,69,65
811,Bilal Sajjad,73,82,64,86,92,79.4
812,Muhammad Arifa,59,59,68,62,87,67
813,Usman Taha,63,78,77,70,55,68.6
814,Taha Hina,59,49,79,94,82,72.6
815,Bilal Hamza,58,78,49,84,47,63.2
816,Shahid Hina,77,76,58,60,89,72
817,Hassan Tariq,46,45,80,41,77,57.8
818,Amina Rabia,49,91,47,51,49,57.4
819,Yasir Salman,90,47,62,50,62,62.2
820,Bushra Yasir,62,98,81,70,61,74.4
821,Bushra Nida,85,52,100,99,77,82.6
822,Taha Sajjad,96,89,41,75,89,78
823,Amina Saima,71,83,56,46,45,60.2
824,Hassan Farah,58,67,63,72,76,67.2
825,Hina Fatima,43,46,78,40,94,60.2
826,Yasir Mehwish,50,79,91,89,89,79.6
827,Umer Umer,60,97,84,50,52,68.6
828,Sajjad Bushra,58,97,61,95,84,79
829,Farah Sadia,63,46,84,43,44,56
830,Imran Salman,46,59,69,56,60,58
831,Zeeshan Kashif,90,44,70,45,66,63
832,Fariha Ali,92,42,95,61,71,72.2
833,Usman Salman,89,80,64,89,84,81.2
834,Ayesha Farah,72,61,55,49,97,66.8
835,Ahmed Ayesha,84,84,86,93,47,78.8
836,Fariha Bushra,42,99,50,81,89,72.2
837,Saima Fariha,43,41,72,64,82,60.4
838,Arifa Muhammad,79,80,43,44,80,65.2
839,Asim Hamza,64,43,69,48,80,60.8
840,Noman Taha,42,81,43,59,93,63.6
841,Saima Bushra,99,87,44,89,45,72.8
842,Ahmed Sajjad,60,99,55,40,99,70.6
843,Hamza Hina,63,65,71,59,67,65
844,Khadija Yasir,86,46,96,68,54,70
845,Nazia Bilal,46,58,45,84,71,60.8
846,Kashif Saima,78,90,76,54,52,70
847,Ahmed Shahid,63,51,40,42,47,48.6
848,Arifa Sara,97,80,83,60,97,83.4
849,Hassan Amina,71,98,61,61,61,70.4
850,Nazia Bushra,44,81,52,44,98,63.8
851,Shahid Umer,44,57,69,49,84,60.6
852,Nida Hamza,85,99,97,63,68,82.4
853,Sara Imran,90,43,95,100,81,81.8
854,Asim Nazia,66,78,94,100,71,81.8
855,Zeeshan Sadia,71,60,48,65,60,60.8
856,Shahid Sadia,89,89,47,85,45,71
857,Muhammad Usman,69,98,53,63,41,64.8
858,Fahad Mehwish,91,91,69,54,50,71
859,Bushra Ahmed,92,97,80,59,89,83.4
860,Rabia Bushra,82,44,60,47,99,66.4
861,Nazia Noman,89,96,56,73,43,71.4
862,Tariq Nazia,100,78,96,87,83,88.8
863,Mehwish Yasir,89,81,70,67,75,76.4
864,Hassan Muhammad,70,47,63,95,89,72.8
865,Zeeshan Taha,99,50,100,100,87,87.2
866,Ahmed Fahad,63,47,45,84,45,56.8
867,Ahmed Saima,92,77,46,40,47,60.4
868,Nazia Zainab,88,40,77,90,78,74.6
869,Nida Sajjad,68,79,82,81,41,70.2
870,Sajjad Sadia,49,49,57,62,61,55.6
871,Hassan Zainab,85,95,69,100,77,85.2
872,Kashif Yasir,67,95,91,91,45,77.8
873,Ayesha Mariam,98,60,58,93,65,74.8
874,Shahid Fatima,73,94,71,81,75,78.8
875,Fahad Zeeshan,53,68,77,77,44,63.8
876,Khadija Sana,59,90,88,46,56,67.8
877,Zainab Mehwish,57,62,98,66,91,74.8
878,Usman Imran,95,65,95,99,89,88.6
879,Rehan Mehwish,82,87,50,52,82,70.6
880,Umer Bushra,93,48,81,95,80,79.4
881,Rabia Zainab,53,72,57,65,93,68
882,Tariq Hassan,64,86,65,52,69,67.2
883,Asim Amina,61,80,94,82,60,75.4
884,Bilal Asim,77,86,62,97,83,81
885,Ali Kashif,100,84,81,43,79,77.4
886,Sana Mehwish,52,47,59,99,63,64
887,Arifa Imran,41,68,74,64,87,66.8
888,Taha Sana,76,49,81,72,47,65
889,Muhammad Ali,95,92,63,73,96,83.8
890,Ali Farah,89,94,51,100,85,83.8
891,Salman Hassan,88,48,59,43,50,57.6
892,Umer Fahad,55,49,85,62,91,68.4
893,Hassan Bushra,53,77,75,46,94,69
894,Kashif Nazia,61,67,97,44,57,65.2
895,Zeeshan Bushra,77,73,72,60,60,68.4
896,Saima Mehwish,54,91,74,69,81,73.8
897,Arifa Zeeshan,49,43,79,42,43,51.2
898,Nida Zeeshan,81,89,93,98,71,86.4
899,Ali Sadia,98,79,82,46,57,72.4
900,Ayesha Muhammad,67,81,46,42,81,63.4
901,Shahid Kashif,72,92,78,57,61,72
902,Asim Ahmed,69,86,46,69,41,62.2
903,Hina Arifa,96,89,48,62,48,68.6
904,Ali Amina,56,56,75,48,73,61.6
905,Zeeshan Saima,52,52,98,61,57,64
906,Tariq Khadija,51,49,43,99,75,63.4
907,Ayesha Usman,53,56,70,58,96,66.6
908,Taha Usman,93,84,74,72,40,72.6
909,Ahmed Noman,60,47,70,68,75,64
910,Arifa Ahmed,99,95,69,48,41,70.4
911,Mehwish Asim,58,63,73,88,96,75.6
912,Amina Rabia,88,87,89,84,45,78.6
913,Noman Khadija,54,64,94,40,91,68.6
914,Sajjad Hina,85,96,53,75,83,78.4
915,Hamza Usman,71,97,70,73,72,76.6
916,Zeeshan Mehwish,44,86,90,66,95,76.2
917,Mariam Fariha,95,73,85,75,96,84.8
918,Rabia Asim,65,76,85,51,41,63.6
919,Hina Khadija,49,68,84,57,96,70.8
920,Zainab Farah,80,94,60,78,65,75.4
921,Umer Saima,78,61,71,72,95,75.4
922,Kashif Ayesha,78,86,74,100,62,80
923,Fahad Rabia,55,66,91,55,97,72.8
924,Taha Farah,56,73,76,68,83,71.2
925,Ayesha Mariam,77,57,79,100,78,78.2
926,Zeeshan Saima,41,60,45,76,98,64
927,Muhammad Fariha,43,52,88,98,56,67.4
928,Arifa Imran,93,74,55,79,62,72.6
929,Zeeshan Shahid,89,75,46,97,60,73.4
930,Salman Asim,58,100,95,50,42,69
931,Yasir Tariq,66,64,54,61,89,66.8
932,Ahmed Hina,82,95,61,82,94,82.8
933,Hamza Zeeshan,46,69,58,59,69,60.2
934,Arifa Arifa,60,52,46,85,62,61
935,Amina Ahmed,91,94,92,59,92,85.6
936,Khadija Ayesha,78,82,95,80,71,81.2
937,Ahmed Ali,85,75,89,55,75,75.8
938,Bilal Rehan,48,84,47,90,53,64.4
939,Ahmed Arifa,68,44,55,82,91,68
940,Zeeshan Arifa,71,75,97,96,61,80
941,Asim Sajjad,52,97,94,67,95,81
942,Sajjad Sajjad,54,82,69,83,47,67
943,Salman Hina,40,84,55,63,84,65.2
944,Imran Fahad,70,96,83,94,55,79.6
945,Amina Yasir,93,49,94,74,55,73
946,Zeeshan Hina,60,83,97,60,55,71
947,Fahad Ayesha,85,100,69,71,45,74
948,Ali Arifa,64,51,80,60,67,64.4
949,Zeeshan Khadija,79,93,43,92,99,81.2
950,Rehan Sajjad,46,71,99,96,99,82.2
951,Salman Yasir,47,85,86,57,48,64.6
952,Fahad Hamza,86,90,87,75,81,83.8
953,Zainab Hamza,99,81,67,42,41,66
954,Usman Umer,78,60,47,99,86,74
955,Muhammad Hamza,55,52,72,65,98,68.4
956,Nida Khadija,61,80,56,76,57,66
957,Nazia Hamza,70,57,74,73,95,73.8
958,Fariha Nazia,51,79,46,93,66,67
959,Rabia Khadija,64,40,63,67,51,57
960,Nazia Rehan,100,96,95,43,76,82
961,Saima Zainab,53,55,57,96,85,69.2
962,Rehan Amina,60,56,77,88,55,67.2
963,Usman Shahid,67,91,47,67,78,70
964,Tariq Tariq,73,83,52,91,42,68.2
965,Ali Rehan,44,84,55,44,70,59.4
966,Sadia Nazia,79,57,75,62,73,69.2
967,Sajjad Ahmed,84,100,42,78,54,71.6
968,Imran Yasir,48,70,59,86,55,63.6
969,Nida Muhammad,63,44,73,99,80,71.8
970,Tariq Amina,99,68,95,50,85,79.4
971,Mariam Usman,69,43,47,78,90,65.4
972,Ali Tariq,100,50,86,40,58,66.8
973,Muhammad Nazia,60,70,85,83,89,77.4
974,Yasir Mariam,40,68,100,73,46,65.4
975,Imran Farah,80,63,97,40,63,68.6
976,Usman Yasir,74,78,80,47,86,73
977,Rehan Fatima,44,61,95,100,93,78.6
978,Hassan Zeeshan,52,62,44,84,63,61
979,Rabia Khadija,71,98,69,50,68,71.2
980,Fariha Noman,69,93,91,52,63,73.6
981,Yasir Imran,95,68,62,40,58,64.6
982,Farah Sara,51,41,82,68,83,65
983,Taha Hamza,98,93,87,49,42,73.8
984,Mehwish Fariha,61,84,43,87,78,70.6
985,Sana Rabia,78,81,83,77,100,83.8
986,Tariq Yasir,70,85,74,51,53,66.6
987,Zeeshan Imran,62,100,44,96,88,78
988,Arifa Nida,47,44,47,93,49,56
989,Zeeshan Muhammad,86,87,82,73,86,82.8
990,Nazia Asim,87,44,98,49,51,65.8
991,Mehwish Ahmed,49,100,55,52,56,62.4
992,Kashif Mehwish,92,71,55,57,46,64.2
993,Sajjad Zeeshan,41,67,70,77,76,66.2
994,Zainab Usman,52,56,54,51,94,61.4
995,Zeeshan Hamza,43,50,98,46,59,59.2
996,Fariha Tariq,84,88,82,74,98,85.2
997,Zainab Muhammad,53,56,88,64,71,66.4
998,Hina Khadija,72,88,71,68,46,69
999,Ali Mariam,65,41,75,47,42,54
1000,Rabia Umer,40,97,59,86,79,72.2
1001,Umer Ayesha,68,50,78,73,79,69.6
1002,Hamza Mariam,42,83,62,68,45,60
1003,Salman Zeeshan,41,93,49,96,83,72.4
1004,Tariq Zeeshan,46,98,50,97,50,68.2
1005,Arifa Umer,88,68,47,62,63,65.6
1006,Umer Ali,99,93,60,84,58,78.8
1007,Bilal Mariam,83,60,47,46,40,55.2
1008,Sara Shahid,71,100,44,80,89,76.8
1009,Zainab Hamza,82,66,55,84,83,74
1010,Taha Rehan,47,82,100,57,61,69.4
1011,Yasir Nida,52,62,59,43,100,63.2
1012,Arifa Rehan,87,50,46,82,46,62.2
1013,Sajjad Rabia,96,61,98,76,49,76
1014,Rabia Zainab,100,93,67,100,67,85.4
1015,Fahad Salman,77,42,91,75,63,69.6
1016,Usman Imran,100,49,72,100,45,73.2
1017,Umer Nazia,57,91,85,77,93,80.6
1018,Zeeshan Muhammad,45,67,47,65,94,63.6
1019,Yasir Hassan,57,86,51,95,85,74.8
1020,Zainab Bilal,49,44,76,99,45,62.6
1021,Sara Fatima,91,94,89,61,40,75
1022,Rehan Sana,100,42,96,47,99,76.8
1023,Zeeshan Sajjad,48,67,96,61,68,68
1024,Noman Yasir,95,60,78,91,51,75
1025,Farah Bilal,67,78,47,99,46,67.4
1026,Bilal Ali,96,62,86,62,67,74.6
1027,Rabia Umer,72,40,52,44,81,57.8
1028,Ahmed Fahad,65,51,48,76,69,61.8
1029,Saima Khadija,94,71,99,81,63,81.6
1030,Fahad Sara,74,79,48,90,85,75.2
1031,Rabia Usman,67,43,99,71,46,65.2
1032,Yasir Fatima,44,91,46,56,90,65.4
1033,Arifa Asim,51,85,44,51,65,59.2
1034,Zainab Ahmed,78,60,73,69,90,74
1035,Kashif Nazia,73,62,83,52,87,71.4
1036,Sajjad Bushra,59,59,80,72,86,71.2
1037,Hamza Ahmed,98,43,54,82,61,67.6
1038,Mariam Fariha,54,69,57,48,91,63.8
1039,Bilal Arifa,65,97,42,69,81,70.8
1040,Arifa Bushra,52,46,56,49,76,55.8
1041,Kashif Usman,63,70,77,80,85,75
1042,Taha Hassan,46,42,63,47,40,47.6
1043,Farah Sana,55,42,52,92,57,59.6
1044,Rehan Hassan,65,50,77,66,47,61
1045,Usman Ayesha,84,56,51,93,97,76.2
1046,Sadia Zeeshan,40,72,100,56,86,70.8
1047,Hina Usman,43,51,58,52,90,58.8
1048,Rabia Ayesha,89,44,83,43,71,66
1049,Arifa Umer,94,47,63,70,94,73.6
1050,Amina Yasir,70,60,48,87,89,70.8
1051,Sadia Nida,76,87,62,42,74,68.2
1052,Khadija Bilal,43,88,79,68,62,68
1053,Arifa Shahid,60,40,71,45,97,62.6
1054,Fahad Ahmed,76,74,73,66,76,73
1055,Salman Shahid,67,55,54,55,89,64
1056,Hamza Nazia,85,51,71,55,52,62.8
1057,Usman Zainab,91,48,58,56,97,70
1058,Yasir Sara,48,87,43,62,96,67.2
1059,Hassan Hamza,86,53,47,54,61,60.2
1060,Ali Mariam,71,52,57,65,66,62.2
1061,Fahad Shahid,69,54,84,43,56,61.2
1062,Arifa Hamza,92,55,59,98,65,73.8
1063,Bilal Yasir,78,45,53,40,40,51.2
1064,Asim Tariq,84,91,89,68,65,79.4
1065,Salman Sara,81,41,51,54,41,53.6
1066,Farah Fariha,88,88,75,45,100,79.2
1067,Taha Taha,55,47,62,79,79,64.4
1068,Sara Muhammad,96,40,64,100,68,73.6
1069,Amina Ayesha,41,58,68,40,95,60.4
1070,Zainab Hamza,57,42,56,76,60,58.2
1071,Nazia Fahad,70,43,49,47,44,50.6
1072,Ahmed Imran,45,100,66,77,93,76.2
1073,Ahmed Tariq,40,70,49,82,53,58.8
1074,Bilal Usman,41,69,65,46,50,54.2
1075,Khadija Shahid,84,54,83,86,44,70.2
1076,Khadija Arifa,94,77,65,55,84,75
1077,Noman Hassan,47,84,74,85,66,71.2
1078,Bushra Imran,55,62,100,100,82,79.8
1079,Zeeshan Saima,45,75,76,80,83,71.8
1080,Usman Salman,44,100,53,65,71,66.6
1081,Zainab Shahid,66,40,91,81,93,74.2
1082,Nazia Tariq,91,41,57,52,91,66.4
1083,Mehwish Mariam,80,49,65,99,95,77.6
1084,Bilal Tariq,97,95,80,64,90,85.2
1085,Muhammad Arifa,93,53,89,67,57,71.8
1086,Rehan Saima,58,57,70,74,44,60.6
1087,Sana Fahad,86,69,83,41,74,70.6
1088,Taha Fatima,47,55,65,52,82,60.2
1089,Bilal Taha,82,51,77,61,78,69.8
1090,Sana Hassan,59,97,96,51,76,75.8
1091,Ayesha Umer,76,97,49,80,49,70.2
1092,Muhammad Umer,60,76,44,50,45,55
1093,Sadia Salman,65,47,96,64,44,63.2
1094,Zeeshan Bushra,53,67,52,81,75,65.6
1095,Asim Fariha,50,73,98,49,62,66.4
1096,Sana Shahid,81,57,55,74,53,64
1097,Ahmed Mehwish,67,52,95,40,92,69.2
1098,Rabia Zainab,90,52,55,83,47,65.4
1099,Saima Umer,48,45,75,62,92,64.4
1100,Nazia Imran,99,56,92,49,88,76.8
1101,Bilal Arifa,83,50,56,54,74,63.4
1102,Fariha Ayesha,56,67,56,62,67,61.6
1103,Hina Usman,68,61,60,61,73,64.6
1104,Umer Hina,82,51,61,52,55,60.2
1105,Ayesha Farah,85,62,90,97,66,80
1106,Zeeshan Bilal,60,73,98,69,89,77.8
1107,Sara Saima,79,88,58,82,54,72.2
1108,Sajjad Farah,69,87,52,60,77,69
1109,Nazia Usman,96,58,81,85,85,81
1110,Umer Fariha,97,79,47,69,52,68.8
1111,Tariq Nazia,88,48,93,42,58,65.8
1112,Muhammad Hina,80,68,69,46,77,68
1113,Sara Fahad,47,73,48,52,88,61.6
1114,Sara Nazia,42,96,59,79,67,68.6
1115,Ayesha Rabia,66,51,61,91,85,70.8
1116,Hamza Ayesha,63,93,78,95,56,77
1117,Yasir Khadija,81,74,88,52,54,69.8
1118,Rabia Sadia,46,40,66,92,76,64
1119,Farah Ayesha,87,71,48,64,78,69.6
1120,Amina Rabia,57,73,51,62,44,57.4
1121,Usman Shahid,98,44,40,94,69,69
1122,Bilal Kashif,41,80,67,48,64,60
1123,Nazia Sajjad,85,60,65,88,94,78.4
1124,Nazia Hassan,46,67,82,90,42,65.4
1125,Mariam Farah,46,48,53,46,88,56.2
1126,Fahad Rabia,58,98,79,60,84,75.8
1127,Ayesha Khadija,47,85,98,81,78,77.8
1128,Sajjad Ayesha,73,73,65,49,96,71.2
1129,Mehwish Hina,75,85,88,57,67,74.4
1130,Sajjad Ahmed,87,72,82,74,60,75
1131,Imran Nazia,59,63,68,83,68,68.2
1132,Nida Bilal,60,99,78,56,46,67.8
1133,Hamza Kashif,90,49,46,61,48,58.8
1134,Ahmed Mehwish,66,68,83,96,76,77.8
1135,Imran Kashif,56,72,90,46,62,65.2
1136,Yasir Farah,49,59,74,55,97,66.8
1137,Noman Tariq,83,85,58,68,51,69
1138,Usman Tariq,93,49,52,94,46,66.8
1139,Zainab Kashif,46,59,41,85,53,56.8
1140,Khadija Taha,77,63,91,90,52,74.6
1141,Nida Hassan,91,67,73,88,92,82.2
1142,Ayesha Zainab,45,100,71,44,83,68.6
1143,Ali Saima,72,63,64,52,61,62.4
1144,Umer Sajjad,70,51,61,50,84,63.2
1145,Bushra Nida,63,59,83,96,57,71.6
1146,Bushra Farah,64,90,84,92,96,85.2
1147,Hamza Shahid,45,88,41,87,90,70.2
1148,Ayesha Fariha,93,92,66,45,85,76.2
1149,Sajjad Bushra,51,64,91,76,43,65
1150,Sadia Tariq,90,77,64,49,54,66.8
1151,Farah Zeeshan,44,41,96,80,42,60.6
1152,Hamza Nazia,47,77,61,54,59,59.6
1153,Rabia Zeeshan,94,69,95,75,59,78.4
1154,Tariq Rabia,60,80,100,62,78,76
1155,Umer Bushra,94,63,43,80,51,66.2
1156,Fahad Bushra,41,44,83,98,82,69.6
1157,Imran Ayesha,86,52,92,48,41,63.8
1158,Usman Hina,68,72,63,99,69,74.2
1159,Kashif Hassan,75,48,48,59,96,65.2
1160,Bushra Fahad,76,77,63,60,85,72.2
1161,Mehwish Rehan,81,41,43,44,97,61.2
1162,Sadia Mariam,79,65,91,66,93,78.8
1163,Umer Ali,85,42,71,87,62,69.4
1164,Zeeshan Sara,91,59,73,40,49,62.4
1165,Fatima Noman,73,83,85,73,67,76.2
1166,Hassan Fatima,56,61,71,68,57,62.6
1167,Hassan Zeeshan,77,84,73,52,94,76
1168,Shahid Asim,99,52,95,97,95,87.6
1169,Umer Shahid,90,78,74,47,91,76
1170,Kashif Fahad,73,81,44,84,94,75.2
1171,Hamza Arifa,59,69,51,56,49,56.8
1172,Sajjad Saima,81,98,76,81,97,86.6
1173,Sajjad Nida,57,74,75,78,49,66.6
1174,Sajjad Ahmed,46,80,85,77,49,67.4
1175,Muhammad Farah,54,61,87,42,76,64
1176,Ayesha Asim,42,54,42,82,92,62.4
1177,Rehan Shahid,56,59,40,86,90,66.2
1178,Hina Saima,86,89,93,46,52,73.2
1179,Fatima Ali,95,56,42,42,49,56.8
1180,Sara Sana,94,49,87,94,100,84.8
1181,Rabia Fatima,61,54,50,66,52,56.6
1182,Yasir Amina,58,65,41,83,80,65.4
1183,Saima Rabia,42,50,60,98,76,65.2
1184,Shahid Ali,48,86,46,95,91,73.2
1185,Sana Hamza,88,96,82,96,47,81.8
1186,Sara Khadija,66,76,56,95,56,69.8
1187,Hamza Sara,40,86,83,42,55,61.2
1188,Fariha Fatima,55,94,44,76,99,73.6
1189,Sana Noman,56,51,89,72,78,69.2
1190,Rabia Sadia,70,75,80,49,90,72.8
1191,Sara Nazia,46,49,58,99,65,63.4
1192,Asim Kashif,77,42,86,89,58,70.4
1193,Mariam Rabia,88,73,63,75,99,79.6
1194,Shahid Fatima,58,53,46,51,88,59.2
1195,Amina Bushra,53,93,60,61,79,69.2
1196,Mariam Rehan,45,44,67,99,82,67.4
1197,Bilal Kashif,75,47,75,100,77,74.8
1198,Usman Sajjad,96,87,100,52,59,78.8
1199,Usman Farah,100,82,80,93,63,83.6
1200,Fahad Salman,58,42,79,98,95,74.4
1201,Ayesha Mariam,50,74,49,83,78,66.8
1202,Nida Taha,46,79,100,70,63,71.6
1203,Rabia Farah,64,60,84,86,95,77.8
1204,Rabia Mariam,51,96,100,64,48,71.8
1205,Ayesha Rabia,83,44,100,45,61,66.6
1206,Umer Zainab,100,94,50,69,66,75.8
1207,Sadia Mariam,90,77,82,52,74,75
1208,Shahid Hamza,56,79,62,55,73,65
1209,Nida Kashif,96,63,50,65,56,66
1210,Usman Sajjad,85,73,40,42,90,66
1211,Muhammad Muhammad,53,69,82,93,72,73.8
1212,Muhammad Sajjad,52,49,67,80,66,62.8
1213,Mariam Sajjad,96,87,72,83,48,77.2
1214,Salman Muhammad,50,52,100,85,51,67.6
1215,Sajjad Ahmed,72,79,61,54,46,62.4
1216,Arifa Asim,65,86,86,70,69,75.2
1217,Hina Sadia,40,58,49,89,83,63.8
1218,Mehwish Noman,81,63,83,73,71,74.2
1219,Noman Mariam,57,57,76,40,96,65.2
1220,Usman Ahmed,63,85,71,44,46,61.8
1221,Hina Ali,84,82,40,89,92,77.4
1222,Bilal Sara,80,77,51,60,58,65.2
1223,Usman Zeeshan,79,47,46,75,86,66.6
1224,Hassan Mehwish,86,78,93,55,86,79.6
1225,Shahid Farah,71,44,41,82,77,63
1226,Amina Ayesha,61,73,77,72,86,73.8
1227,Saima Sajjad,93,68,58,56,83,71.6
1228,Arifa Arifa,46,93,40,81,85,69
1229,Sara Tariq,81,52,53,55,69,62
1230,Sana Fariha,47,41,43,40,43,42.8
1231,Asim Salman,56,82,41,94,71,68.8
1232,Arifa Ayesha,83,65,94,40,70,70.4
1233,Nida Arifa,44,82,83,87,72,73.6
1234,Shahid Rehan,86,71,49,91,46,68.6
1235,Hassan Fatima,49,59,48,60,79,59
1236,Noman Hassan,77,58,56,81,97,73.8
1237,Rabia Sadia,91,86,98,51,70,79.2
1238,Nazia Mehwish,70,91,40,89,92,76.4
1239,Fahad Rehan,92,82,97,55,54,76
1240,Bilal Imran,93,57,55,41,79,65
1241,Sadia Taha,74,57,84,64,56,67
1242,Saima Sara,84,41,47,77,47,59.2
1243,Nazia Kashif,89,92,51,42,78,70.4
1244,Rehan Muhammad,48,55,44,73,68,57.6
1245,Fahad Umer,67,96,69,72,91,79
1246,Kashif Zeeshan,80,71,84,90,62,77.4
1247,Fatima Ali,55,89,85,94,63,77.2
1248,Saima Zeeshan,44,81,56,84,51,63.2
1249,Sajjad Shahid,74,76,82,51,65,69.6
1250,Rehan Taha,78,83,60,54,80,71
1251,Hassan Rehan,84,51,55,76,49,63
1252,Imran Bilal,73,67,84,55,97,75.2
1253,Sara Rehan,98,50,78,83,86,79
1254,Arifa Zeeshan,77,63,58,43,63,60.8
1255,Fatima Nazia,64,53,42,79,91,65.8
1256,Noman Sajjad,85,73,63,83,88,78.4
1257,Asim Arifa,48,45,71,56,93,62.6
1258,Rabia Sajjad,62,68,69,57,81,67.4
1259,Umer Zeeshan,73,93,50,43,96,71
1260,Nida Tariq,45,52,40,94,53,56.8
1261,Ahmed Bushra,47,54,91,54,52,59.6
1262,Sajjad Noman,48,61,46,96,85,67.2
1263,Mehwish Farah,80,51,52,100,81,72.8
1264,Ali Imran,54,71,95,76,96,78.4
1265,Shahid Muhammad,57,47,100,67,54,65
1266,Arifa Amina,45,92,48,62,83,66
1267,Rehan Asim,63,54,100,69,71,71.4
1268,Mariam Noman,99,86,98,56,100,87.8
1269,Yasir Asim,41,86,61,52,82,64.4
1270,Salman Ayesha,75,77,80,45,54,66.2
1271,Taha Mariam,84,42,79,41,84,66
1272,Muhammad Sana,97,100,100,98,91,97.2
1273,Usman Muhammad,49,86,54,44,87,64
1274,Kashif Saima,79,57,67,40,89,66.4
1275,Imran Amina,62,78,88,43,43,62.8
1276,Fariha Nida,51,96,41,41,65,58.8
1277,Sadia Amina,75,83,57,55,68,67.6
1278,Ali Taha,42,48,89,84,53,63.2
1279,Ali Sajjad,40,40,76,83,50,57.8
1280,Sadia Umer,72,82,80,68,62,72.8
1281,Usman Shahid,56,70,61,59,74,64
1282,Hamza Hina,57,52,71,92,46,63.6
1283,Mariam Sajjad,87,99,83,49,49,73.4
1284,Farah Sara,78,75,84,60,83,76
1285,Ahmed Kashif,69,95,61,41,87,70.6
1286,Asim Ali,92,68,59,84,47,70
1287,Bilal Mariam,54,68,57,74,48,60.2
1288,Rehan Fatima,95,51,100,48,78,74.4
1289,Bilal Rehan,81,85,54,52,86,71.6
1290,Nida Hamza,81,95,66,57,59,71.6
1291,Bilal Nazia,69,63,48,83,89,70.4
1292,Noman Salman,79,90,63,53,58,68.6
1293,Noman Zainab,90,55,84,89,87,81
1294,Farah Sara,46,40,57,67,47,51.4
1295,Sajjad Arifa,89,66,46,80,100,76.2
1296,Fariha Shahid,69,66,64,76,67,68.4
1297,Ali Saima,46,99,84,70,93,78.4
1298,Farah Yasir,77,50,93,76,88,76.8
1299,Sana Hassan,87,85,83,45,49,69.8
1300,Asim Ahmed,45,40,53,94,94,65.2
1301,Sara Fahad,94,90,54,82,50,74
1302,Kashif Ahmed,62,68,53,40,57,56
1303,Sana Nida,96,74,71,54,71,73.2
1304,Sadia Asim,40,70,98,68,77,70.6
1305,Sana Fariha,49,77,65,49,51,58.2
1306,Tariq Ayesha,51,100,61,86,82,76
1307,Yasir Sara,46,58,64,49,92,61.8
1308,Tariq Ahmed,57,70,79,43,61,62
1309,Ayesha Umer,75,52,61,82,78,69.6
1310,Salman Imran,98,57,50,44,86,67
1311,Rabia Rehan,66,76,55,51,82,66
1312,Zainab Amina,49,97,58,43,91,67.6
1313,Sajjad Sajjad,95,96,80,61,78,82
1314,Saima Rehan,75,79,44,89,59,69.2
1315,Tariq Yasir,93,59,40,45,92,65.8
1316,Yasir Mehwish,90,91,56,70,54,72.2
1317,Usman Hamza,91,70,91,45,88,77
1318,Hina Sana,43,72,43,85,85,65.6
1319,Arifa Hina,92,83,95,87,52,81.8
1320,Hamza Nazia,81,47,86,54,64,66.4
1321,Yasir Ahmed,41,97,57,92,54,68.2
1322,Imran Arifa,90,45,62,70,69,67.2
1323,Usman Rehan,77,86,81,100,80,84.8
1324,Taha Ayesha,49,48,84,76,40,59.4
1325,Ayesha Nida,61,81,78,52,75,69.4
1326,Sara Sajjad,93,57,92,63,81,77.2
1327,Zeeshan Noman,92,86,67,80,83,81.6
1328,Muhammad Nida,74,41,97,54,61,65.4
1329,Asim Ali,95,44,91,65,90,77
1330,Fatima Mariam,87,73,65,91,65,76.2
1331,Yasir Ali,94,47,77,88,72,75.6
1332,Hassan Khadija,48,49,76,48,95,63.2
1333,Muhammad Farah,49,54,55,52,86,59.2
1334,Tariq Muhammad,59,55,54,64,87,63.8
1335,Fatima Arifa,51,88,57,95,81,74.4
1336,Hassan Sana,86,93,80,92,59,82
1337,Asim Salman,45,81,76,92,99,78.6
1338,Taha Hina,89,41,60,88,44,64.4
1339,Rehan Zainab,88,53,44,82,62,65.8
1340,Umer Sana,89,51,57,48,84,65.8
1341,Asim Rabia,58,94,85,84,51,74.4
1342,Asim Hamza,40,58,90,90,85,72.6
1343,Nida Bilal,75,81,97,46,83,76.4
1344,Fahad Fariha,68,50,90,81,81,74
1345,Salman Shahid,48,50,55,91,76,64
1346,Bilal Shahid,43,68,54,62,54,56.2
1347,Tariq Sajjad,94,99,72,41,79,77
1348,Noman Zeeshan,64,42,74,45,80,61
1349,Sana Farah,40,69,63,51,46,53.8
1350,Sajjad Umer,47,82,55,93,72,69.8
1351,Asim Sajjad,41,69,59,90,47,61.2
1352,Noman Salman,81,53,82,80,86,76.4
1353,Muhammad Asim,69,98,95,74,58,78.8
1354,Farah Zeeshan,53,87,45,88,71,68.8
1355,Mariam Bushra,55,55,89,51,52,60.4
1356,Muhammad Bushra,47,46,49,75,89,61.2
1357,Sadia Arifa,77,59,57,80,89,72.4
1358,Hamza Hamza,82,90,91,99,82,88.8
1359,Fatima Arifa,57,48,62,56,71,58.8
1360,Yasir Imran,43,44,40,80,92,59.8
1361,Muhammad Bushra,83,44,47,55,48,55.4
1362,Ali Imran,46,91,61,87,73,71.6
1363,Taha Sana,93,53,46,53,74,63.8
1364,Ayesha Mehwish,61,100,56,85,58,72
1365,Farah Rabia,52,77,61,97,58,69
1366,Muhammad Yasir,58,63,63,53,49,57.2
1367,Hamza Shahid,41,80,95,43,53,62.4
1368,Fariha Sana,51,67,85,54,61,63.6
1369,Amina Sara,48,48,72,88,99,71
1370,Arifa Bushra,44,77,46,81,90,67.6
1371,Yasir Usman,59,85,55,48,62,61.8
1372,Rehan Sajjad,41,67,86,64,90,69.6
1373,Mariam Nida,48,42,74,91,99,70.8
1374,Sana Salman,96,76,64,90,93,83.8
1375,Nida Rehan,44,50,78,51,96,63.8
1376,Tariq Asim,96,46,96,64,59,72.2
1377,Noman Sajjad,41,67,76,61,72,63.4
1378,Sadia Hamza,45,58,83,63,72,64.2
1379,Ahmed Ali,80,51,85,92,50,71.6
1380,Taha Salman,98,64,67,62,91,76.4
1381,Rabia Khadija,75,64,61,66,92,71.6
1382,Ayesha Hassan,61,96,55,60,70,68.4
1383,Khadija Sana,77,49,44,53,50,54.6
1384,Saima Imran,55,98,43,67,55,63.6
1385,Nida Salman,56,70,90,51,95,72.4
1386,Hina Umer,86,53,64,75,64,68.4
1387,Umer Muhammad,61,84,45,45,67,60.4
1388,Rehan Tariq,48,96,76,52,77,69.8
1389,Kashif Mehwish,99,74,53,75,42,68.6
1390,Zainab Usman,65,88,49,42,57,60.2
1391,Ahmed Ali,52,82,48,60,92,66.8
1392,Noman Kashif,89,92,70,62,94,81.4
1393,Rabia Sadia,64,40,67,100,59,66
1394,Bushra Imran,72,42,77,52,46,57.8
1395,Ayesha Saima,65,57,54,85,84,69
1396,Fahad Tariq,78,57,47,50,62,58.8
1397,Asim Zeeshan,48,98,100,60,58,72.8
1398,Rehan Imran,45,66,95,88,50,68.8
1399,Fahad Sara,73,81,81,70,86,78.2
1400,Sana Nazia,90,43,94,54,98,75.8
1401,Shahid Saima,54,62,72,89,43,64
1402,Amina Zainab,93,72,63,90,76,78.8
1403,Fahad Taha,88,52,51,60,67,63.6
1404,Ali Usman,89,85,74,71,98,83.4
1405,Saima Sara,59,73,85,56,97,74
1406,Noman Mariam,78,40,75,72,53,63.6
1407,Hassan Usman,53,73,88,40,93,69.4
1408,Sana Nazia,68,45,80,89,53,67
1409,Shahid Khadija,94,70,88,65,89,81.2
1410,Khadija Nida,73,70,62,78,94,75.4
1411,Amina Mariam,65,42,47,60,78,58.4
1412,Muhammad Mariam,83,84,47,52,52,63.6
1413,Nazia Salman,55,93,42,41,90,64.2
1414,Imran Hassan,56,86,89,54,85,74
1415,Hina Ali,61,63,82,47,76,65.8
1416,Asim Ahmed,97,95,55,79,55,76.2
1417,Fatima Umer,77,69,45,77,75,68.6
1418,Ayesha Rehan,69,90,82,90,59,78
1419,Ayesha Taha,91,76,51,91,83,78.4
1420,Khadija Sadia,93,53,88,89,91,82.8
1421,Noman Farah,78,84,47,82,55,69.2
1422,Mehwish Nida,42,90,83,54,41,62
1423,Asim Tariq,67,51,88,92,97,79
1424,Sadia Hina,92,45,49,57,57,60
1425,Nazia Arifa,96,41,89,84,84,78.8
1426,Asim Bushra,53,46,96,41,45,56.2
1427,Zeeshan Khadija,89,51,47,86,42,63
1428,Ayesha Hassan,87,96,70,65,91,81.8
1429,Bilal Sadia,42,55,84,97,99,75.4
1430,Saima Noman,72,55,91,92,91,80.2
1431,Umer Tariq,69,57,85,82,67,72
1432,Hamza Tariq,84,99,86,49,90,81.6
1433,Sana Zeeshan,92,78,95,93,53,82.2
1434,Sara Sara,46,100,80,46,54,65.2
1435,Nida Zainab,83,82,79,97,93,86.8
1436,Rabia Salman,87,62,67,87,81,76.8
1437,Asim Mariam,46,83,44,56,61,58
1438,Farah Farah,57,83,79,100,42,72.2
1439,Fatima Taha,52,48,42,71,97,62
1440,Mehwish Khadija,60,85,72,92,68,75.4
1441,Ahmed Yasir,67,87,55,92,55,71.2
1442,Umer Saima,94,92,68,53,58,73
1443,Kashif Shahid,89,51,40,51,48,55.8
1444,Taha Sara,94,99,71,69,72,81
1445,Fatima Mehwish,94,46,67,52,42,60.2
1446,Sana Sara,50,45,48,100,43,57.2
1447,Kashif Zeeshan,96,60,44,94,55,69.8
1448,Rehan Sara,57,48,59,99,51,62.8
1449,Fahad Hassan,50,86,57,52,65,62
1450,Fahad Asim,60,71,73,66,42,62.4
1451,Bilal Fariha,91,58,79,55,69,70.4
1452,Bushra Shahid,93,61,46,58,61,63.8
1453,Mehwish Zainab,80,43,86,99,44,70.4
1454,Zeeshan Zainab,96,57,40,56,53,60.4
1455,Tariq Yasir,48,61,62,55,97,64.6
1456,Fatima Hassan,47,88,56,79,89,71.8
1457,Hina Asim,97,91,93,62,48,78.2
1458,Rabia Muhammad,73,41,82,83,47,65.2
1459,Kashif Zainab,74,52,56,85,79,69.2
1460,Noman Sajjad,93,58,81,78,91,80.2
1461,Muhammad Mehwish,68,75,68,77,73,72.2
1462,Usman Hina,94,83,94,71,97,87.8
1463,Hassan Fahad,94,85,71,67,88,81
1464,Imran Bilal,45,66,88,72,47,63.6
1465,Umer Ali,48,75,56,45,93,63.4
1466,Nida Zeeshan,58,66,41,50,71,57.2
1467,Nida Umer,88,89,58,54,70,71.8
1468,Mehwish Sadia,60,72,88,44,99,72.6
1469,Sana Amina,77,85,57,62,76,71.4
1470,Hamza Nida,68,80,70,82,81,76.2
1471,Kashif Sana,74,44,69,59,50,59.2
1472,Tariq Yasir,42,89,70,99,100,80
1473,Shahid Fariha,61,98,67,80,88,78.8
1474,Mariam Ahmed,60,53,51,50,44,51.6
1475,Sana Bilal,86,77,55,48,71,67.4
1476,Mehwish Sajjad,48,60,62,87,41,59.6
1477,Mariam Rehan,99,43,57,100,87,77.2
1478,Rehan Khadija,54,50,52,100,48,60.8
1479,Noman Nida,42,96,45,63,71,63.4
1480,Saima Kashif,58,57,81,87,71,70.8
1481,Salman Noman,48,69,89,78,54,67.6
1482,Saima Arifa,93,53,48,58,53,61
1483,Khadija Salman,58,58,83,71,62,66.4
1484,Kashif Farah,96,99,56,100,72,84.6
1485,Saima Sana,60,51,87,92,81,74.2
1486,Bilal Salman,62,84,78,90,40,70.8
1487,Fariha Taha,51,95,83,66,42,67.4
1488,Fariha Mariam,80,50,86,76,72,72.8
1489,Khadija Khadija,90,83,98,41,57,73.8
1490,Muhammad Zeeshan,62,40,85,84,92,72.6
1491,Fatima Fatima,96,80,49,83,52,72
1492,Shahid Nazia,98,90,50,63,67,73.6
1493,Hina Saima,92,77,80,47,86,76.4
1494,Amina Hassan,52,52,51,54,77,57.2
1495,Fahad Zainab,75,48,40,51,40,50.8
1496,Salman Nida,48,49,100,94,80,74.2
1497,Zainab Noman,50,44,96,97,99,77.2
1498,Hamza Arifa,82,67,54,82,50,67
1499,Imran Nida,76,69,68,99,90,80.4
1500,Zeeshan Kashif,86,78,87,99,54,80.8
1501,Kashif Kashif,99,45,72,76,78,74
1502,Hassan Bushra,81,95,51,74,71,74.4
1503,Zainab Imran,68,68,84,66,51,67.4
1504,Bushra Sara,51,46,62,70,53,56.4
1505,Mariam Salman,65,76,98,98,96,86.6
1506,Amina Saima,83,84,57,41,50,63
1507,Tariq Umer,83,99,49,55,79,73
1508,Fariha Hina,59,73,48,97,65,68.4
1509,Taha Kashif,90,76,70,57,99,78.4
1510,Shahid Mehwish,100,45,41,94,94,74.8
1511,Sana Arifa,98,62,62,89,97,81.6
1512,Sara Zeeshan,49,49,91,56,66,62.2
1513,Arifa Hassan,67,70,49,64,96,69.2
1514,Sana Farah,66,86,52,74,67,69
1515,Shahid Amina,99,63,70,69,73,74.8
1516,Fatima Kashif,95,50,96,87,96,84.8
1517,Ali Rehan,43,55,69,52,93,62.4
1518,Saima Fahad,95,70,46,70,79,72
1519,Sajjad Rabia,47,60,92,73,54,65.2
1520,Bushra Hassan,83,83,89,83,85,84.6
1521,Khadija Yasir,41,77,90,65,77,70
1522,Mariam Muhammad,72,61,85,57,59,66.8
1523,Hamza Sana,71,59,41,59,99,65.8
1524,Hina Saima,69,60,66,80,47,64.4
1525,Imran Nazia,85,95,71,93,88,86.4
1526,Fahad Sana,72,100,100,74,100,89.2
1527,Hina Noman,76,64,88,44,48,64
1528,Nazia Zainab,67,66,94,81,92,80
1529,Amina Yasir,83,64,64,93,43,69.4
1530,Ayesha Hassan,46,91,56,60,100,70.6
1531,Khadija Mehwish,47,88,91,67,90,76.6
1532,Salman Imran,97,84,96,97,79,90.6
1533,Ahmed Amina,94,43,53,97,45,66.4
1534,Khadija Nida,67,72,76,43,40,59.6
1535,Salman Tariq,59,86,52,51,65,62.6
1536,Noman Hina,81,75,49,81,92,75.6
1537,Usman Muhammad,41,95,69,46,66,63.4
1538,Mehwish Arifa,96,98,67,89,83,86.6
1539,Imran Hassan,90,76,85,50,63,72.8
1540,Taha Khadija,71,48,93,48,68,65.6
1541,Shahid Hina,41,68,69,95,49,64.4
1542,Hamza Tariq,42,51,83,83,68,65.4
1543,Mariam Fatima,63,75,40,44,63,57
1544,Taha Salman,53,78,76,80,64,70.2
1545,Nida Fatima,78,89,53,42,88,70
1546,Zeeshan Nazia,60,53,85,44,74,63.2
1547,Noman Yasir,53,49,77,51,66,59.2
1548,Imran Muhammad,48,62,76,57,95,67.6
1549,Rehan Fahad,74,78,96,63,69,76
1550,Ayesha Sajjad,86,67,67,81,44,69
1551,Nazia Shahid,71,58,47,89,45,62
1552,Hamza Hamza,52,80,89,90,90,80.2
1553,Bushra Muhammad,64,80,58,67,59,65.6
1554,Noman Saima,96,87,54,85,57,75.8
1555,Ali Arifa,97,92,68,92,74,84.6
1556,Zeeshan Fatima,88,88,70,75,60,76.2
1557,Fariha Saima,57,70,65,64,53,61.8
1558,Muhammad Tariq,47,97,51,89,81,73
1559,Salman Ahmed,92,59,54,72,93,74
1560,Shahid Sadia,58,52,99,63,40,62.4
1561,Sara Hamza,46,89,72,59,73,67.8
1562,Saima Nida,69,80,53,58,43,60.6
1563,Zeeshan Hina,87,92,48,72,73,74.4
1564,Saima Taha,82,73,97,94,81,85.4
1565,Hina Nazia,85,80,96,51,79,78.2
1566,Rehan Tariq,89,66,47,67,41,62
1567,Zainab Ayesha,41,90,73,60,51,63
1568,Fahad Rabia,41,87,94,89,44,71
1569,Noman Tariq,49,91,55,64,86,69
1570,Fahad Muhammad,52,58,53,46,61,54
1571,Mehwish Rehan,59,41,90,43,80,62.6
1572,Fatima Farah,82,84,46,86,78,75.2
1573,Ali Zainab,88,49,66,64,64,66.2
1574,Sana Mehwish,68,60,93,96,69,77.2
1575,Sara Tariq,79,85,59,40,73,67.2
1576,Farah Salman,51,48,100,60,87,69.2
1577,Hassan Sajjad,45,71,48,69,80,62.6
1578,Hina Fahad,43,59,84,84,77,69.4
1579,Ahmed Hina,88,92,90,68,53,78.2
1580,Mariam Umer,41,100,80,54,45,64
1581,Imran Saima,40,61,76,97,75,69.8
1582,Salman Ahmed,78,70,81,59,98,77.2
1583,Sara Imran,91,50,85,80,77,76.6
1584,Rehan Asim,79,97,89,48,89,80.4
1585,Arifa Ayesha,71,60,78,59,69,67.4
1586,Hamza Farah,73,64,67,68,88,72
1587,Fariha Usman,73,98,41,64,46,64.4
1588,Shahid Mehwish,92,87,86,57,45,73.4
1589,Sajjad Sadia,45,84,64,94,48,67
1590,Asim Ahmed,88,95,92,96,96,93.4
1591,Ahmed Bushra,93,88,68,91,90,86
1592,Muhammad Fatima,40,88,49,58,66,60.2
1593,Tariq Imran,82,92,95,44,99,82.4
1594,Tariq Ali,67,71,84,79,47,69.6
1595,Umer Ali,63,50,80,100,69,72.4
1596,Amina Khadija,55,52,65,66,76,62.8
1597,Zeeshan Fatima,59,98,74,42,94,73.4
1598,Kashif Zeeshan,40,100,66,50,87,68.6
1599,Amina Ali,87,77,93,73,43,74.6
1600,Noman Muhammad,96,61,50,50,67,64.8
1601,Bilal Sajjad,61,99,40,49,56,61
1602,Hassan Mehwish,40,54,91,86,41,62.4
1603,Fahad Ali,67,48,63,96,71,69
1604,Noman Mariam,81,47,46,81,58,62.6
1605,Sadia Shahid,92,71,96,61,80,80
1606,Muhammad Nazia,56,73,69,84,57,67.8
1607,Fatima Tariq,53,46,63,88,41,58.2
1608,Fahad Bilal,50,54,62,48,91,61
1609,Noman Imran,64,67,68,88,68,71
1610,Saima Bushra,80,77,63,99,81,80
1611,Nazia Hassan,57,54,91,76,65,68.6
1612,Ali Rehan,70,61,60,90,77,71.6
1613,Zainab Nazia,92,76,100,61,82,82.2
1614,Zeeshan Zainab,47,86,51,47,53,56.8
1615,Rehan Hina,73,61,79,76,100,77.8
1616,Imran Sajjad,45,50,98,52,42,57.4
1617,Umer Nida,57,54,72,97,77,71.4
1618,Nazia Amina,63,74,75,55,41,61.6
1619,Farah Nida,40,87,41,58,46,54.4
1620,Mariam Taha,57,91,59,74,68,69.8
1621,Fariha Shahid,62,93,92,48,94,77.8
1622,Zainab Hamza,82,49,77,59,89,71.2
1623,Mariam Bushra,95,91,92,54,44,75.2
1624,Khadija Nazia,51,87,98,63,50,69.8
1625,Fatima Khadija,84,74,80,98,76,82.4
1626,Shahid Noman,63,90,100,56,40,69.8
1627,Tariq Zeeshan,96,68,53,89,65,74.2
1628,Fahad Nida,96,61,42,90,48,67.4
1629,Sara Fatima,55,86,90,69,74,74.8
1630,Umer Fahad,72,78,71,44,96,72.2
1631,Khadija Rabia,59,84,47,74,56,64
1632,Fahad Noman,67,55,96,50,73,68.2
1633,Fariha Bilal,72,99,61,76,71,75.8
1634,Sana Umer,54,75,84,60,97,74
1635,Nida Nazia,56,47,62,81,57,60.6
1636,Zainab Ali,90,67,100,71,81,81.8
1637,Umer Nida,88,58,53,72,97,73.6
1638,Bilal Imran,54,47,50,90,80,64.2
1639,Usman Tariq,96,80,78,97,84,87
1640,Salman Mariam,59,90,56,84,99,77.6
1641,Ahmed Khadija,92,90,87,87,83,87.8
1642,Imran Nida,48,53,55,48,47,50.2
1643,Hamza Arifa,96,78,52,60,63,69.8
1644,Farah Fariha,94,50,52,70,62,65.6
1645,Arifa Ali,81,49,51,63,95,67.8
1646,Mehwish Hassan,56,53,92,43,80,64.8
1647,Amina Bushra,61,43,74,77,96,70.2
1648,Sara Nida,66,81,79,56,81,72.6
1649,Bushra Saima,42,44,77,50,90,60.6
1650,Muhammad Umer,87,84,42,42,47,60.4
1651,Sadia Imran,69,85,53,46,50,60.6
1652,Nazia Mariam,84,95,78,87,54,79.6
1653,Amina Saima,89,52,98,43,78,72
1654,Mariam Zainab,98,91,48,55,49,68.2
1655,Sara Fariha,74,72,81,58,87,74.4
1656,Saima Imran,100,51,91,41,65,69.6
1657,Amina Fariha,74,77,84,98,55,77.6
1658,Noman Rabia,84,60,51,71,93,71.8
1659,Asim Farah,99,90,90,62,91,86.4
1660,Hamza Khadija,49,40,78,67,49,56.6
1661,Mehwish Rehan,95,50,75,83,97,80
1662,Ayesha Rabia,51,97,42,99,41,66
1663,Kashif Fatima,63,63,80,69,94,73.8
1664,Sana Yasir,77,46,42,76,80,64.2
1665,Sajjad Rabia,71,91,79,44,49,66.8
1666,Ali Khadija,88,45,74,77,64,69.6
1667,Khadija Asim,53,59,68,49,40,53.8
1668,Sara Farah,70,65,53,73,40,60.2
1669,Fahad Rehan,86,52,42,46,40,53.2
1670,Hina Muhammad,87,75,91,79,65,79.4
1671,Sajjad Mehwish,45,96,63,47,50,60.2
1672,Yasir Mariam,47,48,87,84,77,68.6
1673,Zainab Khadija,69,91,52,59,61,66.4
1674,Salman Bushra,60,90,74,61,96,76.2
1675,Sadia Ahmed,90,47,97,49,96,75.8
1676,Ali Taha,87,53,76,96,69,76.2
1677,Imran Ahmed,61,85,98,41,77,72.4
1678,Kashif Rabia,40,93,61,46,45,57
1679,Fatima Tariq,49,54,81,94,71,69.8
1680,Sana Rabia,53,89,50,86,68,69.2
1681,Sadia Kashif,51,86,45,62,49,58.6
1682,Mariam Khadija,53,90,97,80,89,81.8
1683,Amina Mehwish,57,82,62,42,55,59.6
1684,Khadija Khadija,43,47,98,70,92,70
1685,Yasir Nida,77,64,78,98,65,76.4
1686,Fahad Nida,72,84,86,93,65,80
1687,Yasir Bushra,99,78,66,100,68,82.2
1688,Saima Muhammad,97,99,58,41,54,69.8
1689,Arifa Tariq,78,90,40,87,78,74.6
1690,Zeeshan Farah,73,42,69,68,85,67.4
1691,Fatima Fariha,95,90,53,54,67,71.8
1692,Nida Zeeshan,95,59,49,90,48,68.2
1693,Khadija Umer,73,70,95,57,40,67
1694,Nida Hamza,41,92,77,64,55,65.8
1695,Fatima Bushra,42,78,90,43,80,66.6
1696,Fariha Fahad,79,96,73,60,80,77.6
1697,Imran Hassan,61,91,40,49,51,58.4
1698,Tariq Imran,79,67,52,97,43,67.6
1699,Zainab Sara,71,87,56,77,73,72.8
1700,Bilal Ali,90,66,43,60,85,68.8
1701,Taha Kashif,93,94,95,76,52,82
1702,Usman Bushra,65,43,77,55,49,57.8
1703,Bilal Fatima,79,83,100,90,92,88.8
1704,Farah Muhammad,74,98,49,65,41,65.4
1705,Rehan Ali,81,86,80,98,74,83.8
1706,Rabia Noman,62,82,92,52,55,68.6
1707,Amina Hina,73,62,58,74,61,65.6
1708,Rehan Hassan,69,76,72,90,69,75.2
1709,Khadija Nida,44,45,87,95,99,74
1710,Salman Sadia,57,87,50,44,45,56.6
1711,Nida Fariha,67,56,59,96,64,68.4
1712,Mehwish Taha,88,79,52,41,53,62.6
1713,Farah Nida,83,77,99,62,56,75.4
1714,Nazia Sana,83,66,59,63,65,67.2
1715,Ali Bilal,92,97,70,70,49,75.6
1716,Ahmed Ahmed,63,81,65,61,91,72.2
1717,Salman Hamza,43,56,78,58,91,65.2
1718,Taha Saima,98,53,94,71,99,83
1719,Sana Salman,97,52,61,50,64,64.8
1720,Hassan Bilal,46,58,40,90,60,58.8
1721,Shahid Nida,87,40,92,81,54,70.8
1722,Kashif Amina,48,62,85,61,54,62
1723,Sajjad Imran,65,65,63,70,81,68.8
1724,Tariq Mehwish,75,71,67,54,100,73.4
1725,Fahad Amina,69,88,59,56,84,71.2
1726,Bushra Nazia,75,56,90,89,65,75
1727,Zeeshan Asim,84,100,91,98,61,86.8
1728,Ayesha Hassan,69,86,68,96,41,72
1729,Yasir Sana,89,56,59,72,49,65
1730,Hina Nida,60,83,95,40,81,71.8
1731,Fahad Fahad,62,73,49,63,65,62.4
1732,Shahid Usman,69,65,71,42,57,60.8
1733,Nazia Sana,82,41,88,87,62,72
1734,Bushra Mehwish,83,72,76,92,58,76.2
1735,Sajjad Saima,52,67,84,73,100,75.2
1736,Farah Asim,48,43,60,80,48,55.8
1737,Ayesha Fahad,64,43,57,52,49,53
1738,Khadija Zeeshan,57,96,91,81,99,84.8
1739,Usman Taha,55,41,74,82,61,62.6
1740,Zeeshan Saima,95,78,71,83,73,80
1741,Taha Fariha,94,65,68,86,69,76.4
1742,Amina Bushra,100,83,95,77,46,80.2
1743,Sadia Hina,60,49,81,88,46,64.8
1744,Rabia Bilal,69,46,79,86,53,66.6
1745,Fahad Shahid,43,68,88,43,48,58
1746,Zeeshan Amina,83,87,79,87,63,79.8
1747,Umer Umer,40,45,54,96,95,66
1748,Taha Hamza,46,77,61,42,85,62.2
1749,Ali Fahad,78,87,52,98,64,75.8
1750,Kashif Mariam,82,71,43,65,82,68.6
1751,Usman Kashif,68,49,54,60,69,60
1752,Ahmed Imran,68,84,89,40,83,72.8
1753,Zeeshan Sajjad,86,80,73,98,59,79.2
1754,Mariam Yasir,42,85,51,71,60,61.8
1755,Imran Shahid,92,99,50,57,87,77
1756,Sajjad Fahad,98,85,56,96,100,87
1757,Sadia Saima,88,54,94,83,63,76.4
1758,Sajjad Khadija,41,46,75,52,77,58.2
1759,Mehwish Mehwish,46,71,46,98,99,72
1760,Tariq Umer,72,93,40,66,65,67.2
1761,Noman Nida,71,89,97,68,84,81.8
1762,Fatima Saima,54,56,79,80,44,62.6
1763,Amina Kashif,46,41,81,71,85,64.8
1764,Kashif Taha,88,68,86,51,80,74.6
1765,Rehan Hassan,48,84,74,61,81,69.6
1766,Muhammad Zainab,63,78,90,56,97,76.8
1767,Hamza Sajjad,84,81,46,45,68,64.8
1768,Fatima Fahad,75,62,49,86,92,72.8
1769,Mehwish Bilal,70,52,88,78,76,72.8
1770,Ali Yasir,83,92,56,73,76,76
1771,Fariha Hina,75,48,40,84,87,66.8
1772,Ali Mehwish,95,94,54,68,40,70.2
1773,Nazia Mehwish,84,50,89,78,84,77
1774,Amina Shahid,92,63,72,99,79,81
1775,Taha Rabia,89,58,63,73,51,66.8
1776,Hassan Taha,87,92,95,43,73,78
1777,Arifa Zeeshan,96,79,73,83,48,75.8
1778,Asim Mehwish,76,85,90,44,43,67.6
1779,Umer Rabia,52,88,63,92,65,72
1780,Shahid Farah,75,65,48,89,95,74.4
1781,Salman Ayesha,78,76,82,40,95,74.2
1782,Ayesha Taha,52,47,89,64,66,63.6
1783,Rehan Hamza,55,99,52,64,57,65.4
1784,Khadija Hina,65,75,63,44,53,60
1785,Zeeshan Salman,82,89,50,98,51,74
1786,Usman Sara,40,55,75,63,74,61.4
1787,Muhammad Fariha,77,90,41,97,58,72.6
1788,Saima Tariq,85,94,70,43,87,75.8
1789,Yasir Nida,98,60,88,60,61,73.4
1790,Sajjad Rehan,77,50,78,62,53,64
1791,Ahmed Usman,48,74,92,81,73,73.6
1792,Ahmed Saima,41,57,52,59,71,56
1793,Farah Hassan,64,40,98,57,97,71.2
1794,Bushra Nida,68,76,67,44,68,64.6
1795,Nida Taha,47,69,79,69,85,69.8
1796,Taha Ahmed,98,96,74,48,41,71.4
1797,Sana Bushra,47,71,50,87,69,64.8
1798,Sajjad Fatima,73,89,78,83,98,84.2
1799,Shahid Asim,90,82,44,75,43,66.8
1800,Muhammad Mehwish,95,95,54,99,79,84.4
1801,Mariam Sara,52,83,73,47,98,70.6
1802,Hina Bilal,63,87,66,76,84,75.2
1803,Umer Hamza,80,72,94,66,100,82.4
1804,Umer Zainab,61,76,60,49,94,68
1805,Sana Saima,76,86,97,81,77,83.4
1806,Rehan Amina,76,49,100,51,43,63.8
1807,Bushra Ali,92,46,76,80,83,75.4
1808,Fahad Fariha,60,58,72,73,84,69.4
1809,Mariam Sadia,52,65,63,63,61,60.8
1810,Sana Sana,52,61,71,61,92,67.4
1811,Fariha Nida,75,47,70,92,45,65.8
1812,Saima Saima,86,80,55,46,49,63.2
1813,Ahmed Rabia,75,49,75,69,92,72
1814,Kashif Ahmed,55,69,96,73,52,69
1815,Fatima Hina,72,71,64,78,43,65.6
1816,Muhammad Sara,59,80,100,93,67,79.8
1817,Usman Ahmed,55,63,48,46,96,61.6
1818,Ahmed Khadija,58,94,77,50,58,67.4
1819,Hamza Noman,61,61,67,56,97,68.4
1820,Saima Salman,74,51,54,53,66,59.6
1821,Nazia Sadia,50,41,71,94,43,59.8
1822,Noman Umer,43,91,68,74,99,75
1823,Sajjad Arifa,71,78,78,89,100,83.2
1824,Kashif Taha,55,80,53,67,47,60.4
1825,Farah Sana,86,60,100,57,72,75
1826,Kashif Usman,81,96,42,97,75,78.2
1827,Yasir Sana,67,60,77,46,48,59.6
1828,Zeeshan Hamza,65,90,61,53,46,63
1829,Nazia Sadia,41,67,46,94,63,62.2
1830,Ahmed Sajjad,93,72,94,91,88,87.6
1831,Kashif Fahad,53,98,72,40,98,72.2
1832,Rehan Khadija,58,57,99,53,81,69.6
1833,Arifa Fahad,86,57,59,44,84,66
1834,Arifa Saima,50,92,96,55,46,67.8
1835,Rabia Yasir,77,87,61,79,99,80.6
1836,Bushra Sadia,49,73,58,96,58,66.8
1837,Imran Muhammad,86,45,70,77,96,74.8
1838,Taha Zeeshan,78,50,76,54,96,70.8
1839,Bushra Amina,84,79,81,45,69,71.6
1840,Yasir Asim,88,88,76,60,90,80.4
1841,Rehan Zainab,85,41,62,62,57,61.4
1842,Farah Bushra,45,56,100,97,73,74.2
1843,Farah Usman,81,44,45,97,70,67.4
1844,Noman Umer,84,62,45,45,58,58.8
1845,Mehwish Khadija,94,50,88,80,60,74.4
1846,Ahmed Usman,64,62,51,62,56,59
1847,Rehan Rabia,82,44,81,99,91,79.4
1848,Bilal Shahid,79,51,72,43,43,57.6
1849,Sadia Mariam,87,100,73,67,94,84.2
1850,Imran Fahad,46,85,69,77,55,66.4
1851,Zeeshan Usman,67,91,73,48,50,65.8
1852,Kashif Bilal,94,62,49,60,76,68.2
1853,Fatima Sara,67,51,42,72,54,57.2
1854,Usman Hamza,98,90,44,99,97,85.6
1855,Farah Sana,74,83,58,78,81,74.8
1856,Imran Imran,53,55,78,43,95,64.8
1857,Arifa Shahid,77,56,75,94,79,76.2
1858,Noman Bushra,93,84,64,86,97,84.8
1859,Fatima Amina,99,54,60,62,79,70.8
1860,Bushra Ahmed,88,54,67,82,74,73
1861,Umer Rabia,68,96,88,45,98,79
1862,Umer Sadia,49,42,45,91,55,56.4
1863,Kashif Muhammad,61,87,96,91,65,80
1864,Fahad Mariam,75,43,65,40,92,63
1865,Amina Saima,77,78,42,75,64,67.2
1866,Ayesha Nazia,93,75,77,55,59,71.8
1867,Sana Mariam,56,42,98,82,46,64.8
1868,Fahad Noman,45,44,100,40,63,58.4
1869,Sana Imran,84,88,76,60,96,80.8
1870,Zainab Farah,40,46,47,65,74,54.4
1871,Hina Muhammad,73,82,96,86,64,80.2
1872,Muhammad Sana,75,65,43,58,70,62.2
1873,Arifa Mariam,71,94,58,49,62,66.8
1874,Rabia Arifa,61,64,66,72,89,70.4
1875,Nida Taha,96,75,57,70,88,77.2
1876,Kashif Shahid,86,94,92,73,86,86.2
1877,Salman Nazia,81,49,70,93,62,71
1878,Amina Muhammad,91,60,75,57,65,69.6
1879,Khadija Muhammad,97,76,63,84,85,81
1880,Shahid Noman,76,99,70,48,54,69.4
1881,Farah Shahid,76,68,75,98,82,79.8
1882,Fatima Mehwish,92,64,63,52,93,72.8
1883,Imran Shahid,72,45,91,56,78,68.4
1884,Ayesha Salman,44,48,66,100,86,68.8
1885,Ayesha Muhammad,62,40,81,94,55,66.4
1886,Nazia Khadija,82,65,66,84,73,74
1887,Nazia Bilal,68,83,83,78,76,77.6
1888,Saima Usman,46,45,52,93,76,62.4
1889,Farah Hassan,73,82,43,94,85,75.4
1890,Mariam Sara,65,57,59,53,50,56.8
1891,Muhammad Sana,96,53,90,92,98,85.8
1892,Sajjad Fariha,40,65,86,88,90,73.8
1893,Khadija Zainab,89,43,76,71,81,72
1894,Noman Ayesha,94,45,63,72,99,74.6
1895,Bilal Rabia,66,65,63,47,82,64.6
1896,Sana Fariha,91,47,99,74,54,73
1897,Kashif Hamza,41,60,59,72,89,64.2
1898,Fatima Sana,51,81,57,49,49,57.4
1899,Bilal Sajjad,100,51,79,80,44,70.8
1900,Saima Zeeshan,97,47,92,63,78,75.4
1901,Taha Taha,60,74,74,89,86,76.6
1902,Kashif Rehan,69,60,92,83,75,75.8
1903,Saima Farah,81,81,76,99,44,76.2
1904,Kashif Khadija,51,65,40,75,78,61.8
1905,Tariq Sajjad,71,73,73,70,53,68
1906,Rabia Ahmed,61,87,88,94,90,84
1907,Saima Arifa,90,83,61,47,76,71.4
1908,Imran Sajjad,64,86,90,76,92,81.6
1909,Khadija Tariq,57,45,85,87,41,63
1910,Fatima Fahad,69,63,40,57,68,59.4
1911,Amina Salman,80,95,51,90,55,74.2
1912,Mariam Rabia,44,84,44,63,96,66.2
1913,Sara Amina,75,65,100,49,51,68
1914,Asim Noman,44,81,82,85,92,76.8
1915,Bilal Umer,69,43,93,71,72,69.6
1916,Sara Amina,61,96,92,60,63,74.4
1917,Farah Bilal,84,85,45,74,64,70.4
1918,Nida Fatima,81,78,47,49,85,68
1919,Rehan Fariha,82,74,74,67,73,74
1920,Arifa Zainab,71,50,70,56,92,67.8
1921,Fahad Saima,78,65,47,75,72,67.4
1922,Zainab Khadija,85,75,89,95,64,81.6
1923,Ahmed Sara,46,74,42,79,75,63.2
1924,Kashif Mariam,55,79,87,99,46,73.2
1925,Tariq Rabia,53,45,47,64,80,57.8
1926,Khadija Kashif,71,41,82,59,94,69.4
1927,Bushra Bilal,47,50,96,42,85,64
1928,Tariq Khadija,84,69,70,60,43,65.2
1929,Hamza Salman,86,57,68,82,64,71.4
1930,Kashif Hassan,63,48,59,100,70,68
1931,Mariam Mariam,78,73,80,78,41,70
1932,Yasir Hina,71,75,77,40,82,69
1933,Usman Hina,70,86,85,83,56,76
1934,Khadija Ayesha,85,49,51,82,63,66
1935,Fariha Umer,51,81,88,53,66,67.8
1936,Arifa Ayesha,53,85,93,45,65,68.2
1937,Khadija Shahid,75,60,100,97,85,83.4
1938,Zainab Bushra,82,67,43,68,50,62
1939,Rehan Fahad,46,96,67,77,52,67.6
1940,Fahad Saima,98,92,50,76,93,81.8
1941,Mariam Sana,62,55,58,79,100,70.8
1942,Farah Mariam,62,73,57,63,78,66.6
1943,Umer Kashif,96,76,98,66,84,84
1944,Hamza Saima,86,84,61,92,46,73.8
1945,Rehan Hina,100,92,68,51,96,81.4
1946,Fariha Arifa,45,58,56,61,74,58.8
1947,Umer Zeeshan,99,94,44,98,68,80.6
1948,Arifa Bushra,100,81,49,49,96,75
1949,Fatima Zeeshan,88,90,72,70,47,73.4
1950,Zeeshan Farah,59,44,54,49,89,59
1951,Taha Ahmed,40,60,61,90,72,64.6
1952,Fahad Zeeshan,92,66,60,78,59,71
1953,Rabia Bilal,77,84,89,67,54,74.2
1954,Farah Rabia,43,74,83,41,99,68
1955,Sadia Fariha,100,91,99,83,100,94.6
1956,Ali Khadija,57,96,94,70,97,82.8
1957,Tariq Fariha,40,60,87,44,60,58.2
1958,Yasir Zainab,72,53,78,56,54,62.6
1959,Saima Saima,81,89,41,86,48,69
1960,Zainab Ali,76,60,65,63,76,68
1961,Zainab Ali,86,80,95,46,88,79
1962,Zainab Khadija,86,93,66,66,78,77.8
1963,Zainab Asim,79,71,70,65,73,71.6
1964,Rabia Salman,86,58,93,61,47,69
1965,Ali Ahmed,89,98,47,48,83,73
1966,Ali Nazia,53,74,79,62,75,68.6
1967,Yasir Khadija,75,70,71,63,98,75.4
1968,Mariam Taha,41,97,61,66,40,61
1969,Sara Mariam,45,52,74,82,41,58.8
1970,Arifa Rehan,60,93,70,58,59,68
1971,Hassan Sara,70,59,53,75,73,66
1972,Zainab Fariha,41,54,44,62,54,51
1973,Bilal Taha,73,61,46,65,86,66.2
1974,Fahad Fatima,60,77,92,49,75,70.6
1975,Nida Noman,61,85,63,62,47,63.6
1976,Sana Umer,63,93,65,100,43,72.8
1977,Yasir Ahmed,100,53,41,84,86,72.8
1978,Rabia Umer,91,84,73,55,57,72
1979,Rabia Hamza,63,43,90,64,94,70.8
1980,Fariha Kashif,70,92,96,94,87,87.8
1981,Hina Usman,95,70,77,64,66,74.4
1982,Sajjad Zainab,81,68,58,43,97,69.4
1983,Rabia Farah,62,44,88,79,48,64.2
1984,Umer Sajjad,81,98,66,77,41,72.6
1985,Hassan Hina,60,50,69,47,98,64.8
1986,Rehan Amina,93,59,86,45,73,71.2
1987,Usman Tariq,95,74,56,68,86,75.8
1988,Arifa Rabia,89,65,78,51,44,65.4
1989,Kashif Sana,67,40,52,63,72,58.8
1990,Fatima Kashif,94,82,85,49,98,81.6
1991,Arifa Hina,82,75,72,49,86,72.8
1992,Sadia Rehan,92,96,98,52,55,78.6
1993,Fatima Ali,82,67,53,65,89,71.2
1994,Bilal Zeeshan,80,90,72,65,44,70.2
1995,Hina Ahmed,99,73,56,64,89,76.2
1996,Amina Shahid,65,59,66,83,90,72.6
1997,Fariha Sajjad,42,48,67,80,65,60.4
1998,Fariha Tariq,74,79,76,94,85,81.6
1999,Mariam Bushra,52,56,93,93,51,69
2000,Sara Noman,99,86,41,66,47,67.8
2001,hassan,0,100,100,100,100,80
